"cardlist-item href","cardlist-number","cardlist-title","cardlist-text 6","cardlist-text 8","cardlist-text 10","cardlist-text 12","cardlist-text 14","cardlist-text 16","cardlist-flavor","cardlist-free","cardlist-img src","cardlist-img src 2"
"https://rebirth-fy.com/cardlist/?cardno=RS/001B-001","RS/001B-001","アーサー 華恋","5","RRR","キャラ","舞台少女・聖翔音楽学園","4","8","選定の剣、って
なんだかカッコいいね！","【永】【エントリー】【Reコンボ】《大道具室のアーサー王！？》【本領発揮Lv４】：あなたのメンバーに《ひかり》がいるなら、このキャラを＋３/±０。【永】【エントリー】【本領発揮Lv４】：あなたのリタイアが相手より少ないなら、あなたのメンバーは相手から選ばれない。","",""
"https://rebirth-fy.com/cardlist/?cardno=RS/001B-001SP","RS/001B-001SP","アーサー 華恋","5","SP","キャラ","舞台少女・聖翔音楽学園","4","8","","【永】【エントリー】【Reコンボ】《大道具室のアーサー王！？》【本領発揮Lv４】：あなたのメンバーに《ひかり》がいるなら、このキャラを＋３/±０。【永】【エントリー】【本領発揮Lv４】：あなたのリタイアが相手より少ないなら、あなたのメンバーは相手から選ばれない。","https://rebirth-fy.com/wordpress/wp-content/images/cardlist/RSBP/rs001b-001sp.png",""
"https://rebirth-fy.com/cardlist/?cardno=RS/001B-002","RS/001B-002","シャーロック・ホームズ 華恋","2","R","キャラ","舞台少女・聖翔音楽学園","4","4","この名探偵に解けない謎はないっ！","【自】【メンバー】【本領発揮Lv４】〔聖翔音楽学園〕【ターン１】：このキャラがサポートした時、あなたは自分の手札から１枚控え室に置くことで、相手のメンバーから１枚選び、エネルギーに置き、このアタック中、サポートされたキャラを＋１/±０。","https://rebirth-fy.com/wordpress/wp-content/images/cardlist/RSBP/rs001b-002.png","https://rebirth-fy.com/wordpress/wp-content/images/cardlist/RSBP/rs001b-002.png"
"https://rebirth-fy.com/cardlist/?cardno=RS/001B-002S","RS/001B-002S","シャーロック・ホームズ 華恋","2","R+","キャラ","舞台少女・聖翔音楽学園","4","4","この名探偵に解けない謎はないっ！","【自】【メンバー】【本領発揮Lv４】〔聖翔音楽学園〕【ターン１】：このキャラがサポートした時、あなたは自分の手札から１枚控え室に置くことで、相手のメンバーから１枚選び、エネルギーに置き、このアタック中、サポートされたキャラを＋１/±０。","https://rebirth-fy.com/wordpress/wp-content/images/cardlist/RSBP/rs001b-002s.png","https://rebirth-fy.com/wordpress/wp-content/images/cardlist/RSBP/rs001b-002s.png"
"https://rebirth-fy.com/cardlist/?cardno=RS/001B-003","RS/001B-003","銃士ダルタニャン 華恋","2","C","キャラ","舞台少女・聖翔音楽学園","4","3","私もダルタニャンも
夢のために全力疾走！　だね！","【キャンセル】：Reバース以外の【スパーク】（手札から控え室に置くと、Reバース以外の【スパーク】を１つ止める）","https://rebirth-fy.com/wordpress/wp-content/images/cardlist/RSBP/rs001b-003.png","https://rebirth-fy.com/wordpress/wp-content/images/cardlist/RSBP/rs001b-003.png"
"https://rebirth-fy.com/cardlist/?cardno=RS/001B-003S","RS/001B-003S","銃士ダルタニャン 華恋","2","C+","キャラ","舞台少女・聖翔音楽学園","4","3","私もダルタニャンも
夢のために全力疾走！　だね！","【キャンセル】：Reバース以外の【スパーク】（手札から控え室に置くと、Reバース以外の【スパーク】を１つ止める）","https://rebirth-fy.com/wordpress/wp-content/images/cardlist/RSBP/rs001b-003s.png","https://rebirth-fy.com/wordpress/wp-content/images/cardlist/RSBP/rs001b-003s.png"
"https://rebirth-fy.com/cardlist/?cardno=RS/001B-004","RS/001B-004","愛城 華恋","3","C","キャラ","舞台少女・聖翔音楽学園","4","6","みんなを
スタァライトしちゃいます！","【スパーク】【本領発揮Lv５】：あなたは自分の控え室から《ひかり》を１枚選び、メンバーに置いてよい。","https://rebirth-fy.com/wordpress/wp-content/images/cardlist/RSBP/rs001b-004.png","https://rebirth-fy.com/wordpress/wp-content/images/cardlist/RSBP/rs001b-004.png"
"https://rebirth-fy.com/cardlist/?cardno=RS/001B-004S","RS/001B-004S","愛城 華恋","3","C+","キャラ","舞台少女・聖翔音楽学園","4","6","みんなを
スタァライトしちゃいます！","【スパーク】【本領発揮Lv５】：あなたは自分の控え室から《ひかり》を１枚選び、メンバーに置いてよい。","https://rebirth-fy.com/wordpress/wp-content/images/cardlist/RSBP/rs001b-004s.png","https://rebirth-fy.com/wordpress/wp-content/images/cardlist/RSBP/rs001b-004s.png"
"https://rebirth-fy.com/cardlist/?cardno=RS/001B-005","RS/001B-005","銃士アトス ひかり","4","RRR","キャラ","舞台少女・聖翔音楽学園","5","7","一番年上の落ち着いた役……
誰よりも大人に見えるように……","【自】【エントリー】【Reコンボ】《一人は皆のために》【本領発揮Lv５】【ターン１】：このキャラがアタックした時、あなたのメンバーに《華恋》がいるなら、あなたは２枚引き、このアタック中、相手は【ブロッカー】を使えない。","https://rebirth-fy.com/wordpress/wp-content/images/cardlist/RSBP/rs001b-005.png","https://rebirth-fy.com/wordpress/wp-content/images/cardlist/RSBP/rs001b-005.png"
"https://rebirth-fy.com/cardlist/?cardno=RS/001B-005SP","RS/001B-005SP","銃士アトス ひかり","4","SP","キャラ","舞台少女・聖翔音楽学園","5","7","","【自】【エントリー】【Reコンボ】《一人は皆のために》【本領発揮Lv５】【ターン１】：このキャラがアタックした時、あなたのメンバーに《華恋》がいるなら、あなたは２枚引き、このアタック中、相手は【ブロッカー】を使えない。","https://rebirth-fy.com/wordpress/wp-content/images/cardlist/RSBP/rs001b-005sp.png","https://rebirth-fy.com/wordpress/wp-content/images/cardlist/RSBP/rs001b-005sp.png"
"https://rebirth-fy.com/cardlist/?cardno=RS/001B-006","RS/001B-006","ガウェイン ひかり","4","R","キャラ","舞台少女・聖翔音楽学園","3","6","真実と義侠の騎士ガウェイン
その雄姿、見逃さないで","【永】【メンバー】【本領発揮Lv４】：あなたのエントリーの、《華恋》か《ひかり》を＋１/＋１。","https://rebirth-fy.com/wordpress/wp-content/images/cardlist/RSBP/rs001b-006.png","https://rebirth-fy.com/wordpress/wp-content/images/cardlist/RSBP/rs001b-006.png"
"https://rebirth-fy.com/cardlist/?cardno=RS/001B-006S","RS/001B-006S","ガウェイン ひかり","4","R+","キャラ","舞台少女・聖翔音楽学園","3","6","真実と義侠の騎士ガウェイン
その雄姿、見逃さないで","【永】【メンバー】【本領発揮Lv４】：あなたのエントリーの、《華恋》か《ひかり》を＋１/＋１。","https://rebirth-fy.com/wordpress/wp-content/images/cardlist/RSBP/rs001b-006s.png","https://rebirth-fy.com/wordpress/wp-content/images/cardlist/RSBP/rs001b-006s.png"
"https://rebirth-fy.com/cardlist/?cardno=RS/001B-007","RS/001B-007","神楽 ひかり","1","C","キャラ","舞台少女・聖翔音楽学園","3","2","全ては、スタァライトのために！","【自】【本領発揮Lv４】：このキャラがメンバーに置かれた時、あなたは１枚引き、自分の手札から１枚控え室に置く。（エントリーインより優先）","https://rebirth-fy.com/wordpress/wp-content/images/cardlist/RSBP/rs001b-007.png","https://rebirth-fy.com/wordpress/wp-content/images/cardlist/RSBP/rs001b-007.png"
"https://rebirth-fy.com/cardlist/?cardno=RS/001B-007S","RS/001B-007S","神楽 ひかり","1","C+","キャラ","舞台少女・聖翔音楽学園","3","2","全ては、スタァライトのために！","【自】【本領発揮Lv４】：このキャラがメンバーに置かれた時、あなたは１枚引き、自分の手札から１枚控え室に置く。（エントリーインより優先）","https://rebirth-fy.com/wordpress/wp-content/images/cardlist/RSBP/rs001b-007s.png","https://rebirth-fy.com/wordpress/wp-content/images/cardlist/RSBP/rs001b-007s.png"
"https://rebirth-fy.com/cardlist/?cardno=RS/001B-008","RS/001B-008","太陽の国の軍団長 真矢","5","RRR","キャラ","舞台少女・聖翔音楽学園","5","6","この役で、誰よりも
キラめきを放ってみせましょう","【起】【メンバー】【Reコンボ】《友情と悲しみの騎士二人》【本領発揮Lv４】【ターン１】：［エネ①］ あなたは相手のメンバーからすべて選び、控え室に置く。【永】【エントリー】【本領発揮Lv４】：あなたのメンバーが相手より多いなら、このキャラを＋２/±０。","https://rebirth-fy.com/wordpress/wp-content/images/cardlist/RSBP/rs001b-008.png","https://rebirth-fy.com/wordpress/wp-content/images/cardlist/RSBP/rs001b-008.png"
"https://rebirth-fy.com/cardlist/?cardno=RS/001B-008SP","RS/001B-008SP","太陽の国の軍団長 真矢","5","SP","キャラ","舞台少女・聖翔音楽学園","5","6","","【起】【メンバー】【Reコンボ】《友情と悲しみの騎士二人》【本領発揮Lv４】【ターン１】：［エネ①］ あなたは相手のメンバーからすべて選び、控え室に置く。【永】【エントリー】【本領発揮Lv４】：あなたのメンバーが相手より多いなら、このキャラを＋２/±０。","https://rebirth-fy.com/wordpress/wp-content/images/cardlist/RSBP/rs001b-008sp.png","https://rebirth-fy.com/wordpress/wp-content/images/cardlist/RSBP/rs001b-008sp.png"
"https://rebirth-fy.com/cardlist/?cardno=RS/001B-009","RS/001B-009","メイド メリッサ 真矢","4","R","キャラ","舞台少女・聖翔音楽学園","5","5","どうしても私のメイド姿が
見たいようですね","【自】【エントリー】【ターン１】：このキャラがアタックされた時、あなたは味方のデッキの上から１枚控え室に置く。それがコスト４以上のキャラなら、このアタックのダメージを０にする。（パートナーアタックは防げない）","https://rebirth-fy.com/wordpress/wp-content/images/cardlist/RSBP/rs001b-009.png","https://rebirth-fy.com/wordpress/wp-content/images/cardlist/RSBP/rs001b-009.png"
"https://rebirth-fy.com/cardlist/?cardno=RS/001B-009S","RS/001B-009S","メイド メリッサ 真矢","4","R+","キャラ","舞台少女・聖翔音楽学園","5","5","どうしても私のメイド姿が
見たいようですね","【自】【エントリー】【ターン１】：このキャラがアタックされた時、あなたは味方のデッキの上から１枚控え室に置く。それがコスト４以上のキャラなら、このアタックのダメージを０にする。（パートナーアタックは防げない）","https://rebirth-fy.com/wordpress/wp-content/images/cardlist/RSBP/rs001b-009s.png","https://rebirth-fy.com/wordpress/wp-content/images/cardlist/RSBP/rs001b-009s.png"
"https://rebirth-fy.com/cardlist/?cardno=RS/001B-010","RS/001B-010","天堂 真矢","1","C","キャラ","舞台少女・聖翔音楽学園","2","4","今宵、煌めきを、あなたに！","【自】【メンバー】：このキャラがサポートした時、あなたはエネ①することで、相手のエントリーからDEF２以上のキャラを１枚選び、このアタック中、そのキャラを±０/－１。","https://rebirth-fy.com/wordpress/wp-content/images/cardlist/RSBP/rs001b-010.png","https://rebirth-fy.com/wordpress/wp-content/images/cardlist/RSBP/rs001b-010.png"
"https://rebirth-fy.com/cardlist/?cardno=RS/001B-010S","RS/001B-010S","天堂 真矢","1","C+","キャラ","舞台少女・聖翔音楽学園","2","4","今宵、煌めきを、あなたに！","【自】【メンバー】：このキャラがサポートした時、あなたはエネ①することで、相手のエントリーからDEF２以上のキャラを１枚選び、このアタック中、そのキャラを±０/－１。","https://rebirth-fy.com/wordpress/wp-content/images/cardlist/RSBP/rs001b-010s.png","https://rebirth-fy.com/wordpress/wp-content/images/cardlist/RSBP/rs001b-010s.png"
"https://rebirth-fy.com/cardlist/?cardno=RS/001B-011","RS/001B-011","ロビンフッド 純那","4","RR","キャラ","舞台少女・聖翔音楽学園","4","6","ロビンフッドは、
自分の正義があったんでしょうね","【スパーク】【本領発揮Lv４】：あなたは自分のメンバーから１枚選び、エネルギーに【レスト】で置いてよい。【永】【エントリー】【本領発揮Lv４】：このキャラを＋１/＋１。","https://rebirth-fy.com/wordpress/wp-content/images/cardlist/RSBP/rs001b-011.png","https://rebirth-fy.com/wordpress/wp-content/images/cardlist/RSBP/rs001b-011.png"
"https://rebirth-fy.com/cardlist/?cardno=RS/001B-011SP","RS/001B-011SP","ロビンフッド 純那","4","SP","キャラ","舞台少女・聖翔音楽学園","4","6","","【スパーク】【本領発揮Lv４】：あなたは自分のメンバーから１枚選び、エネルギーに【レスト】で置いてよい。【永】【エントリー】【本領発揮Lv４】：このキャラを＋１/＋１。","https://rebirth-fy.com/wordpress/wp-content/images/cardlist/RSBP/rs001b-011sp.png","https://rebirth-fy.com/wordpress/wp-content/images/cardlist/RSBP/rs001b-011sp.png"
"https://rebirth-fy.com/cardlist/?cardno=RS/001B-012","RS/001B-012","銃士アラミス 純那","3","R","キャラ","舞台少女・聖翔音楽学園","3","7","誰よりも秘密主義……
難しい役だけど、演じきってみせるわ","【自】【エントリー】【本領発揮Lv４】：あなたのターン終了時、このターンこのキャラが相手のキャラを３枚リタイアさせたなら、あなたは相手のメンバーからすべて選び、控え室に置く。","https://rebirth-fy.com/wordpress/wp-content/images/cardlist/RSBP/rs001b-012.png","https://rebirth-fy.com/wordpress/wp-content/images/cardlist/RSBP/rs001b-012.png"
"https://rebirth-fy.com/cardlist/?cardno=RS/001B-012S","RS/001B-012S","銃士アラミス 純那","3","R+","キャラ","舞台少女・聖翔音楽学園","3","7","誰よりも秘密主義……
難しい役だけど、演じきってみせるわ","【自】【エントリー】【本領発揮Lv４】：あなたのターン終了時、このターンこのキャラが相手のキャラを３枚リタイアさせたなら、あなたは相手のメンバーからすべて選び、控え室に置く。","https://rebirth-fy.com/wordpress/wp-content/images/cardlist/RSBP/rs001b-012s.png","https://rebirth-fy.com/wordpress/wp-content/images/cardlist/RSBP/rs001b-012s.png"
"https://rebirth-fy.com/cardlist/?cardno=RS/001B-013","RS/001B-013","星見 純那","1","C","キャラ","舞台少女・聖翔音楽学園","2","4","掴んでみせます
自分星！","【スパーク】【本領発揮Lv３】：あなたは相手のエントリーから１枚選び、控え室に置く。","https://rebirth-fy.com/wordpress/wp-content/images/cardlist/RSBP/rs001b-013.png","https://rebirth-fy.com/wordpress/wp-content/images/cardlist/RSBP/rs001b-013.png"
"https://rebirth-fy.com/cardlist/?cardno=RS/001B-013S","RS/001B-013S","星見 純那","1","C+","キャラ","舞台少女・聖翔音楽学園","2","4","掴んでみせます
自分星！","【スパーク】【本領発揮Lv３】：あなたは相手のエントリーから１枚選び、控え室に置く。","https://rebirth-fy.com/wordpress/wp-content/images/cardlist/RSBP/rs001b-013s.png","https://rebirth-fy.com/wordpress/wp-content/images/cardlist/RSBP/rs001b-013s.png"
"https://rebirth-fy.com/cardlist/?cardno=RS/001B-014","RS/001B-014","銃士ポルトス まひる","3","RR","キャラ","舞台少女・聖翔音楽学園","4","6","今回の役は、堂々と大きな演技
……してみせるよ！","【自】【エントリー】【本領発揮Lv４】：このキャラのアタック終了時、あなたは自分の控え室から、《華恋》か《ひかり》か《純那》を１枚選び、エントリーに置いてよい。","https://rebirth-fy.com/wordpress/wp-content/images/cardlist/RSBP/rs001b-014.png","https://rebirth-fy.com/wordpress/wp-content/images/cardlist/RSBP/rs001b-014.png"
"https://rebirth-fy.com/cardlist/?cardno=RS/001B-014SP","RS/001B-014SP","銃士ポルトス まひる","3","SP","キャラ","舞台少女・聖翔音楽学園","4","6","","【自】【エントリー】【本領発揮Lv４】：このキャラのアタック終了時、あなたは自分の控え室から、《華恋》か《ひかり》か《純那》を１枚選び、エントリーに置いてよい。","https://rebirth-fy.com/wordpress/wp-content/images/cardlist/RSBP/rs001b-014sp.png","https://rebirth-fy.com/wordpress/wp-content/images/cardlist/RSBP/rs001b-014sp.png"
"https://rebirth-fy.com/cardlist/?cardno=RS/001B-015","RS/001B-015","人魚姫 まひる","5","R","キャラ","舞台少女・聖翔音楽学園","5","6","私、『にんぎょひめ』の
本当の物語を届けたいの！","【スパーク】：あなたは味方のメンバーから２枚選び、控え室に置くことで、手札から２枚エネルギーに【レスト】で置く。","https://rebirth-fy.com/wordpress/wp-content/images/cardlist/RSBP/rs001b-015.png","https://rebirth-fy.com/wordpress/wp-content/images/cardlist/RSBP/rs001b-015.png"
"https://rebirth-fy.com/cardlist/?cardno=RS/001B-015S","RS/001B-015S","人魚姫 まひる","5","C+","キャラ","舞台少女・聖翔音楽学園","5","6","私、『にんぎょひめ』の
本当の物語を届けたいの！","【スパーク】：あなたは味方のメンバーから２枚選び、控え室に置くことで、手札から２枚エネルギーに【レスト】で置く。","https://rebirth-fy.com/wordpress/wp-content/images/cardlist/RSBP/rs001b-015s.png","https://rebirth-fy.com/wordpress/wp-content/images/cardlist/RSBP/rs001b-015s.png"
"https://rebirth-fy.com/cardlist/?cardno=RS/001B-016","RS/001B-016","露崎 まひる","3","C","キャラ","舞台少女・聖翔音楽学園","5","6","ずっとそばに居たのは
……わたしなんだよ？","【のびしろ】（今後の成長に期待！）","https://rebirth-fy.com/wordpress/wp-content/images/cardlist/RSBP/rs001b-016.png","https://rebirth-fy.com/wordpress/wp-content/images/cardlist/RSBP/rs001b-016.png"
"https://rebirth-fy.com/cardlist/?cardno=RS/001B-016S","RS/001B-016S","露崎 まひる","3","C+","キャラ","舞台少女・聖翔音楽学園","5","6","ずっとそばに居たのは
……わたしなんだよ？","【のびしろ】（今後の成長に期待！）","https://rebirth-fy.com/wordpress/wp-content/images/cardlist/RSBP/rs001b-016s.png","https://rebirth-fy.com/wordpress/wp-content/images/cardlist/RSBP/rs001b-016s.png"
"https://rebirth-fy.com/cardlist/?cardno=RS/001B-017","RS/001B-017","ファントム なな","5","RRR","キャラ","舞台少女・聖翔音楽学園","4","8","私が考えるファントムを、
ちゃんと表現してみせるよ","【スパーク】【本領発揮Lv５】：あなたは２枚引き、自分の手札から１枚デッキの下に置く。【永】【エントリー】【Reコンボ】《ファントムとクリスティーヌ》【本領発揮Lv５】：このキャラを＋４/±０。","https://rebirth-fy.com/wordpress/wp-content/images/cardlist/RSBP/rs001b-017.png","https://rebirth-fy.com/wordpress/wp-content/images/cardlist/RSBP/rs001b-017.png"
"https://rebirth-fy.com/cardlist/?cardno=RS/001B-017SP","RS/001B-017SP","ファントム なな","5","SP","キャラ","舞台少女・聖翔音楽学園","4","8","","【スパーク】【本領発揮Lv５】：あなたは２枚引き、自分の手札から１枚デッキの下に置く。【永】【エントリー】【Reコンボ】《ファントムとクリスティーヌ》【本領発揮Lv５】：このキャラを＋４/±０。","https://rebirth-fy.com/wordpress/wp-content/images/cardlist/RSBP/rs001b-017sp.png","https://rebirth-fy.com/wordpress/wp-content/images/cardlist/RSBP/rs001b-017sp.png"
"https://rebirth-fy.com/cardlist/?cardno=RS/001B-018","RS/001B-018","マーリン なな","3","R","キャラ","舞台少女・聖翔音楽学園","4","6","魔術師マーリンの優しさと苦悩
共感してもらえたらうれしいな","【スパーク】【本領発揮Lv３】〔聖翔音楽学園〕：あなたは１枚引く。","https://rebirth-fy.com/wordpress/wp-content/images/cardlist/RSBP/rs001b-018.png","https://rebirth-fy.com/wordpress/wp-content/images/cardlist/RSBP/rs001b-018.png"
"https://rebirth-fy.com/cardlist/?cardno=RS/001B-018S","RS/001B-018S","マーリン なな","3","R+","キャラ","舞台少女・聖翔音楽学園","4","6","魔術師マーリンの優しさと苦悩
共感してもらえたらうれしいな","【スパーク】【本領発揮Lv３】〔聖翔音楽学園〕：あなたは１枚引く。","https://rebirth-fy.com/wordpress/wp-content/images/cardlist/RSBP/rs001b-018s.png","https://rebirth-fy.com/wordpress/wp-content/images/cardlist/RSBP/rs001b-018s.png"
"https://rebirth-fy.com/cardlist/?cardno=RS/001B-019","RS/001B-019","大場 なな","8","C","キャラ","舞台少女・聖翔音楽学園","7","7","私が守るの、ずっと何度でも","【スパーク】：相手のターンの終わりまで、このキャラを－６/－６。【自】：このキャラがあなたのターン中に手札からエントリーに置かれた時、あなたのメンバーに《ひかり》がいないなら、あなたは自分の、メンバーと控え室からキャラを望む枚数選び、それらを入れ替える。このフェイズを終了する。","https://rebirth-fy.com/wordpress/wp-content/images/cardlist/RSBP/rs001b-019.png","https://rebirth-fy.com/wordpress/wp-content/images/cardlist/RSBP/rs001b-019.png"
"https://rebirth-fy.com/cardlist/?cardno=RS/001B-019S","RS/001B-019S","大場 なな","8","C+","キャラ","舞台少女・聖翔音楽学園","7","7","私が守るの、ずっと何度でも","【スパーク】：相手のターンの終わりまで、このキャラを－６/－６。【自】：このキャラがあなたのターン中に手札からエントリーに置かれた時、あなたのメンバーに《ひかり》がいないなら、あなたは自分の、メンバーと控え室からキャラを望む枚数選び、それらを入れ替える。このフェイズを終了する。","https://rebirth-fy.com/wordpress/wp-content/images/cardlist/RSBP/rs001b-019s.png","https://rebirth-fy.com/wordpress/wp-content/images/cardlist/RSBP/rs001b-019s.png"
"https://rebirth-fy.com/cardlist/?cardno=RS/001B-020","RS/001B-020","アラジン クロディーヌ","4","RR","キャラ","舞台少女・聖翔音楽学園","4","6","アラジンを演じるには
「弱さ」が必要なのよ","【自】【エントリー】【Reコンボ】《月夜のデュエット》【本領発揮Lv４】【ターン１】：このキャラがアタックした時、あなたは自分のメンバーから１枚選び、エネルギーに置き、味方のパートナーをすべて【スタンド】する。【永】【エントリー】：各ターンこのキャラの１回目のアタック中、このキャラを＋３/±０。","https://rebirth-fy.com/wordpress/wp-content/images/cardlist/RSBP/rs001b-020.png","https://rebirth-fy.com/wordpress/wp-content/images/cardlist/RSBP/rs001b-020.png"
"https://rebirth-fy.com/cardlist/?cardno=RS/001B-020SP","RS/001B-020SP","アラジン クロディーヌ","4","SP","キャラ","舞台少女・聖翔音楽学園","4","6","","【自】【エントリー】【Reコンボ】《月夜のデュエット》【本領発揮Lv４】【ターン１】：このキャラがアタックした時、あなたは自分のメンバーから１枚選び、エネルギーに置き、味方のパートナーをすべて【スタンド】する。【永】【エントリー】：各ターンこのキャラの１回目のアタック中、このキャラを＋３/±０。","https://rebirth-fy.com/wordpress/wp-content/images/cardlist/RSBP/rs001b-020sp.png","https://rebirth-fy.com/wordpress/wp-content/images/cardlist/RSBP/rs001b-020sp.png"
"https://rebirth-fy.com/cardlist/?cardno=RS/001B-021","RS/001B-021","くるみ割り人形 クロディーヌ","2","R","キャラ","舞台少女・聖翔音楽学園","3","6","呪われたくるみ割り人形の正体
――それを知りたい？","【自】【メンバー】【本領発揮Lv５】〔聖翔音楽学園〕：このキャラがサポートした時、相手のメンバーに空席があるなら、あなたはこのキャラをデッキの下に置くことで、このアタック中、サポートされたキャラを＋３/±０。","https://rebirth-fy.com/wordpress/wp-content/images/cardlist/RSBP/rs001b-021.png","https://rebirth-fy.com/wordpress/wp-content/images/cardlist/RSBP/rs001b-021.png"
"https://rebirth-fy.com/cardlist/?cardno=RS/001B-021S","RS/001B-021S","くるみ割り人形 クロディーヌ","2","R+","キャラ","舞台少女・聖翔音楽学園","3","6","呪われたくるみ割り人形の正体
――それを知りたい？","【自】【メンバー】【本領発揮Lv５】〔聖翔音楽学園〕：このキャラがサポートした時、相手のメンバーに空席があるなら、あなたはこのキャラをデッキの下に置くことで、このアタック中、サポートされたキャラを＋３/±０。","https://rebirth-fy.com/wordpress/wp-content/images/cardlist/RSBP/rs001b-021s.png","https://rebirth-fy.com/wordpress/wp-content/images/cardlist/RSBP/rs001b-021s.png"
"https://rebirth-fy.com/cardlist/?cardno=RS/001B-022","RS/001B-022","西條 クロディーヌ","5","C","キャラ","舞台少女・聖翔音楽学園","5","9","C’est moi! La star!","【のびしろ】（今後の成長に期待！）","https://rebirth-fy.com/wordpress/wp-content/images/cardlist/RSBP/rs001b-022.png","https://rebirth-fy.com/wordpress/wp-content/images/cardlist/RSBP/rs001b-022.png"
"https://rebirth-fy.com/cardlist/?cardno=RS/001B-022S","RS/001B-022S","西條 クロディーヌ","5","C+","キャラ","舞台少女・聖翔音楽学園","5","9","C’est moi! La star!","【のびしろ】（今後の成長に期待！）","https://rebirth-fy.com/wordpress/wp-content/images/cardlist/RSBP/rs001b-022s.png","https://rebirth-fy.com/wordpress/wp-content/images/cardlist/RSBP/rs001b-022s.png"
"https://rebirth-fy.com/cardlist/?cardno=RS/001B-023","RS/001B-023","清水次郎長 双葉","3","RR","キャラ","舞台少女・聖翔音楽学園","4","5","目指すは、東海道一の大親分！
……ってな！","【スパーク】【本領発揮Lv４】：あなたは自分の手札から１枚控え室に置くことで、控え室からReバースを１枚セットする。","https://rebirth-fy.com/wordpress/wp-content/images/cardlist/RSBP/rs001b-023.png","https://rebirth-fy.com/wordpress/wp-content/images/cardlist/RSBP/rs001b-023.png"
"https://rebirth-fy.com/cardlist/?cardno=RS/001B-023SP","RS/001B-023SP","清水次郎長 双葉","3","SP","キャラ","舞台少女・聖翔音楽学園","4","5","","【スパーク】【本領発揮Lv４】：あなたは自分の手札から１枚控え室に置くことで、控え室からReバースを１枚セットする。","https://rebirth-fy.com/wordpress/wp-content/images/cardlist/RSBP/rs001b-023sp.png","https://rebirth-fy.com/wordpress/wp-content/images/cardlist/RSBP/rs001b-023sp.png"
"https://rebirth-fy.com/cardlist/?cardno=RS/001B-024","RS/001B-024","長靴をはいた猫 双葉","2","R","キャラ","舞台少女・聖翔音楽学園","4","3","――あ、あたしが猫ぉ！？","【スパーク】：このターンこのキャラの次のアタック中、相手は【ブロッカー】を使えない。","https://rebirth-fy.com/wordpress/wp-content/images/cardlist/RSBP/rs001b-024.png","https://rebirth-fy.com/wordpress/wp-content/images/cardlist/RSBP/rs001b-024.png"
"https://rebirth-fy.com/cardlist/?cardno=RS/001B-024S","RS/001B-024S","長靴をはいた猫 双葉","2","R+","キャラ","舞台少女・聖翔音楽学園","4","3","――あ、あたしが猫ぉ！？","【スパーク】：このターンこのキャラの次のアタック中、相手は【ブロッカー】を使えない。","https://rebirth-fy.com/wordpress/wp-content/images/cardlist/RSBP/rs001b-024s.png","https://rebirth-fy.com/wordpress/wp-content/images/cardlist/RSBP/rs001b-024s.png"
"https://rebirth-fy.com/cardlist/?cardno=RS/001B-025","RS/001B-025","石動 双葉","1","C","キャラ","舞台少女・聖翔音楽学園","2","3","気合入れて、突っ走ります！","【スパーク】：このターン中、このキャラを＋２/＋２。","https://rebirth-fy.com/wordpress/wp-content/images/cardlist/RSBP/rs001b-025.png","https://rebirth-fy.com/wordpress/wp-content/images/cardlist/RSBP/rs001b-025.png"
"https://rebirth-fy.com/cardlist/?cardno=RS/001B-025S","RS/001B-025S","石動 双葉","1","C+","キャラ","舞台少女・聖翔音楽学園","2","3","気合入れて、突っ走ります！","【スパーク】：このターン中、このキャラを＋２/＋２。","https://rebirth-fy.com/wordpress/wp-content/images/cardlist/RSBP/rs001b-025s.png","https://rebirth-fy.com/wordpress/wp-content/images/cardlist/RSBP/rs001b-025s.png"
"https://rebirth-fy.com/cardlist/?cardno=RS/001B-026","RS/001B-026","悪戯なコウモリの魔女 香子","5","RRR","キャラ","舞台少女・聖翔音楽学園","5","8","とりっく・おあ・とりーと！
うちだって知っとります♪","【起】【エントリー】【Reコンボ】《トリック・オア・トリート》【本領発揮Lv７】【ターン１】：［エネ①］ あなたは相手のメンバーから２枚選び、次の相手のターン中、それらは【スタンド】しない。【起】【エントリー】：［エネ②］ このターン中、このキャラを＋１/±０。","https://rebirth-fy.com/wordpress/wp-content/images/cardlist/RSBP/rs001b-026.png","https://rebirth-fy.com/wordpress/wp-content/images/cardlist/RSBP/rs001b-026.png"
"https://rebirth-fy.com/cardlist/?cardno=RS/001B-026SP","RS/001B-026SP","悪戯なコウモリの魔女 香子","5","SP","キャラ","舞台少女・聖翔音楽学園","5","8","","【起】【エントリー】【Reコンボ】《トリック・オア・トリート》【本領発揮Lv７】【ターン１】：［エネ①］ あなたは相手のメンバーから２枚選び、次の相手のターン中、それらは【スタンド】しない。【起】【エントリー】：［エネ②］ このターン中、このキャラを＋１/±０。","https://rebirth-fy.com/wordpress/wp-content/images/cardlist/RSBP/rs001b-026sp.png","https://rebirth-fy.com/wordpress/wp-content/images/cardlist/RSBP/rs001b-026sp.png"
"https://rebirth-fy.com/cardlist/?cardno=RS/001B-027","RS/001B-027","黒獅子の国の軍団長 香子","2","R","キャラ","舞台少女・聖翔音楽学園","3","5","今回は双葉はんと敵同士……
面白くなりそうやね♪","【スパーク】【本領発揮Lv４】：あなたは相手のメンバーから１枚選び、次の相手のターン中、そのキャラは【スタンド】しない。","https://rebirth-fy.com/wordpress/wp-content/images/cardlist/RSBP/rs001b-027.png","https://rebirth-fy.com/wordpress/wp-content/images/cardlist/RSBP/rs001b-027.png"
"https://rebirth-fy.com/cardlist/?cardno=RS/001B-027S","RS/001B-027S","黒獅子の国の軍団長 香子","2","R+","キャラ","舞台少女・聖翔音楽学園","3","5","今回は双葉はんと敵同士……
面白くなりそうやね♪","【スパーク】【本領発揮Lv４】：あなたは相手のメンバーから１枚選び、次の相手のターン中、そのキャラは【スタンド】しない。","https://rebirth-fy.com/wordpress/wp-content/images/cardlist/RSBP/rs001b-027s.png","https://rebirth-fy.com/wordpress/wp-content/images/cardlist/RSBP/rs001b-027s.png"
"https://rebirth-fy.com/cardlist/?cardno=RS/001B-028","RS/001B-028","花柳 香子","1","C","キャラ","舞台少女・聖翔音楽学園","2","3","最後までつきおうてもらうで！！","【スパーク】【本領発揮Lv３】：あなたは自分のメンバーから《珠緒》を１枚選び、エネルギーに【レスト】で置いてよい。","https://rebirth-fy.com/wordpress/wp-content/images/cardlist/RSBP/rs001b-028.png","https://rebirth-fy.com/wordpress/wp-content/images/cardlist/RSBP/rs001b-028.png"
"https://rebirth-fy.com/cardlist/?cardno=RS/001B-028S","RS/001B-028S","花柳 香子","1","C+","キャラ","舞台少女・聖翔音楽学園","2","3","最後までつきおうてもらうで！！","【スパーク】【本領発揮Lv３】：あなたは自分のメンバーから《珠緒》を１枚選び、エネルギーに【レスト】で置いてよい。","https://rebirth-fy.com/wordpress/wp-content/images/cardlist/RSBP/rs001b-028s.png","https://rebirth-fy.com/wordpress/wp-content/images/cardlist/RSBP/rs001b-028s.png"
"https://rebirth-fy.com/cardlist/?cardno=RS/001B-029","RS/001B-029","乙姫 珠緒","6","RRR","キャラ","舞台少女・凛明館女学校","3","9","竜宮城の主として観客を、
おもてなししますね！","【永】【エントリー】【Reコンボ】《「浦島太郎」公演のお知らせ》【本領発揮Lv４】：あなたのメンバーは相手から選ばれず、このキャラを＋３/±０。【永】【エントリー】：各ターン相手の１回目のアタックはパートナーアタックにならない。","https://rebirth-fy.com/wordpress/wp-content/images/cardlist/RSBP/rs001b-029.png","https://rebirth-fy.com/wordpress/wp-content/images/cardlist/RSBP/rs001b-029.png"
"https://rebirth-fy.com/cardlist/?cardno=RS/001B-029SP","RS/001B-029SP","乙姫 珠緒","6","SP","キャラ","舞台少女・凛明館女学校","3","9","","【永】【エントリー】【Reコンボ】《「浦島太郎」公演のお知らせ》【本領発揮Lv４】：あなたのメンバーは相手から選ばれず、このキャラを＋３/±０。【永】【エントリー】：各ターン相手の１回目のアタックはパートナーアタックにならない。","https://rebirth-fy.com/wordpress/wp-content/images/cardlist/RSBP/rs001b-029sp.png","https://rebirth-fy.com/wordpress/wp-content/images/cardlist/RSBP/rs001b-029sp.png"
"https://rebirth-fy.com/cardlist/?cardno=RS/001B-030","RS/001B-030","あやかし見廻り隊 副長 珠緒","2","R","キャラ","舞台少女・凛明館女学校","3","5","街の平和を守るかっこいい役、
演じてみせます！","【スパーク】【本領発揮Lv４】：あなたは自分のデッキの上から１枚エネルギーに【レスト】で置く。","https://rebirth-fy.com/wordpress/wp-content/images/cardlist/RSBP/rs001b-030.png","https://rebirth-fy.com/wordpress/wp-content/images/cardlist/RSBP/rs001b-030.png"
"https://rebirth-fy.com/cardlist/?cardno=RS/001B-030S","RS/001B-030S","あやかし見廻り隊 副長 珠緒","2","R+","キャラ","舞台少女・凛明館女学校","3","5","街の平和を守るかっこいい役、
演じてみせます！","【スパーク】【本領発揮Lv４】：あなたは自分のデッキの上から１枚エネルギーに【レスト】で置く。","https://rebirth-fy.com/wordpress/wp-content/images/cardlist/RSBP/rs001b-030s.png","https://rebirth-fy.com/wordpress/wp-content/images/cardlist/RSBP/rs001b-030s.png"
"https://rebirth-fy.com/cardlist/?cardno=RS/001B-031","RS/001B-031","巴 珠緒","1","R","キャラ","舞台少女・凛明館女学校","2","4","日々精進です♪","【自】【メンバー】：このキャラが〔凛明館女学校〕をサポートした時、あなたはこのキャラをデッキの下に置くことで、このアタック中、サポートされたキャラを＋１/±０。","https://rebirth-fy.com/wordpress/wp-content/images/cardlist/RSBP/rs001b-031.png","https://rebirth-fy.com/wordpress/wp-content/images/cardlist/RSBP/rs001b-031.png"
"https://rebirth-fy.com/cardlist/?cardno=RS/001B-031S","RS/001B-031S","巴 珠緒","1","R+","キャラ","舞台少女・凛明館女学校","2","4","日々精進です♪","【自】【メンバー】：このキャラが〔凛明館女学校〕をサポートした時、あなたはこのキャラをデッキの下に置くことで、このアタック中、サポートされたキャラを＋１/±０。","https://rebirth-fy.com/wordpress/wp-content/images/cardlist/RSBP/rs001b-031s.png","https://rebirth-fy.com/wordpress/wp-content/images/cardlist/RSBP/rs001b-031s.png"
"https://rebirth-fy.com/cardlist/?cardno=RS/001B-032","RS/001B-032","武蔵坊弁慶 珠緒","2","C","キャラ","舞台少女・凛明館女学校","3","6","弁慶のように機転を効かせたりは
あまり得意じゃないけども……","【自】：このキャラが手札からエントリーに置かれた時、このターン中、このキャラを＋２/±０。","https://rebirth-fy.com/wordpress/wp-content/images/cardlist/RSBP/rs001b-032.png","https://rebirth-fy.com/wordpress/wp-content/images/cardlist/RSBP/rs001b-032.png"
"https://rebirth-fy.com/cardlist/?cardno=RS/001B-032S","RS/001B-032S","武蔵坊弁慶 珠緒","2","C+","キャラ","舞台少女・凛明館女学校","3","6","弁慶のように機転を効かせたりは
あまり得意じゃないけども……","【自】：このキャラが手札からエントリーに置かれた時、このターン中、このキャラを＋２/±０。","https://rebirth-fy.com/wordpress/wp-content/images/cardlist/RSBP/rs001b-032s.png","https://rebirth-fy.com/wordpress/wp-content/images/cardlist/RSBP/rs001b-032s.png"
"https://rebirth-fy.com/cardlist/?cardno=RS/001B-033","RS/001B-033","あやかし見廻り隊 隊長 いちえ","2","RR","キャラ","舞台少女・凛明館女学校","3","6","お茶目に、でもかっこよく
演技をする……むずかしいよ～！","【起】【メンバー】【Reコンボ】《帝都の平和を守るもの達》【ターン１】：［エネルギーから１枚控え室に置く］ あなたは自分の手札から〔凛明館女学校〕を１枚選び、エントリーに置き、１枚引く。","https://rebirth-fy.com/wordpress/wp-content/images/cardlist/RSBP/rs001b-033.png","https://rebirth-fy.com/wordpress/wp-content/images/cardlist/RSBP/rs001b-033.png"
"https://rebirth-fy.com/cardlist/?cardno=RS/001B-033SP","RS/001B-033SP","あやかし見廻り隊 隊長 いちえ","2","SP","キャラ","舞台少女・凛明館女学校","3","6","","【起】【メンバー】【Reコンボ】《帝都の平和を守るもの達》【ターン１】：［エネルギーから１枚控え室に置く］ あなたは自分の手札から〔凛明館女学校〕を１枚選び、エントリーに置き、１枚引く。","https://rebirth-fy.com/wordpress/wp-content/images/cardlist/RSBP/rs001b-033sp.png","https://rebirth-fy.com/wordpress/wp-content/images/cardlist/RSBP/rs001b-033sp.png"
"https://rebirth-fy.com/cardlist/?cardno=RS/001B-034","RS/001B-034","烏天狗 いちえ","3","R","キャラ","舞台少女・凛明館女学校","3","7","烏天狗、山から見参！ってね☆","【自】【メンバー】【本領発揮Lv５】〔凛明館女学校〕：あなたのメインフェイズ開始時、あなたはこのキャラをデッキの下に置くことで、１枚引き、相手のメンバーからすべて選び、控え室に置く。","https://rebirth-fy.com/wordpress/wp-content/images/cardlist/RSBP/rs001b-034.png","https://rebirth-fy.com/wordpress/wp-content/images/cardlist/RSBP/rs001b-034.png"
"https://rebirth-fy.com/cardlist/?cardno=RS/001B-034S","RS/001B-034S","烏天狗 いちえ","3","R+","キャラ","舞台少女・凛明館女学校","3","7","烏天狗、山から見参！ってね☆","【自】【メンバー】【本領発揮Lv５】〔凛明館女学校〕：あなたのメインフェイズ開始時、あなたはこのキャラをデッキの下に置くことで、１枚引き、相手のメンバーからすべて選び、控え室に置く。","https://rebirth-fy.com/wordpress/wp-content/images/cardlist/RSBP/rs001b-034s.png","https://rebirth-fy.com/wordpress/wp-content/images/cardlist/RSBP/rs001b-034s.png"
"https://rebirth-fy.com/cardlist/?cardno=RS/001B-035","RS/001B-035","音無 いちえ","5","R","キャラ","舞台少女・凛明館女学校","5","6","ダンスに歌に
頑張っちゃうよ～☆","【自】【本領発揮Lv５】【ターン１】：このキャラが相手のキャラをリタイアさせた時、あなたは自分の手札から１枚控え室に置くことで、デッキの上から２枚エネルギーに置く。","https://rebirth-fy.com/wordpress/wp-content/images/cardlist/RSBP/rs001b-035.png","https://rebirth-fy.com/wordpress/wp-content/images/cardlist/RSBP/rs001b-035.png"
"https://rebirth-fy.com/cardlist/?cardno=RS/001B-035S","RS/001B-035S","音無 いちえ","5","R+","キャラ","舞台少女・凛明館女学校","5","6","ダンスに歌に
頑張っちゃうよ～☆","【自】【本領発揮Lv５】【ターン１】：このキャラが相手のキャラをリタイアさせた時、あなたは自分の手札から１枚控え室に置くことで、デッキの上から２枚エネルギーに置く。","https://rebirth-fy.com/wordpress/wp-content/images/cardlist/RSBP/rs001b-035s.png","https://rebirth-fy.com/wordpress/wp-content/images/cardlist/RSBP/rs001b-035s.png"
"https://rebirth-fy.com/cardlist/?cardno=RS/001B-036","RS/001B-036","天使の歌声 いちえ","1","C","キャラ","舞台少女・凛明館女学校","2","3","バレンタインのお返しはあ・た・し
……の歌声で～す！！","【自】【メンバー】【本領発揮Lv４】：このキャラがサポートした時、このアタック中、サポートされたキャラを＋１/±０。","https://rebirth-fy.com/wordpress/wp-content/images/cardlist/RSBP/rs001b-036.png","https://rebirth-fy.com/wordpress/wp-content/images/cardlist/RSBP/rs001b-036.png"
"https://rebirth-fy.com/cardlist/?cardno=RS/001B-036S","RS/001B-036S","天使の歌声 いちえ","1","C+","キャラ","舞台少女・凛明館女学校","2","3","バレンタインのお返しはあ・た・し
……の歌声で～す！！","【自】【メンバー】【本領発揮Lv４】：このキャラがサポートした時、このアタック中、サポートされたキャラを＋１/±０。","https://rebirth-fy.com/wordpress/wp-content/images/cardlist/RSBP/rs001b-036s.png","https://rebirth-fy.com/wordpress/wp-content/images/cardlist/RSBP/rs001b-036s.png"
"https://rebirth-fy.com/cardlist/?cardno=RS/001B-037","RS/001B-037","酒吞童子 文","4","RR","キャラ","舞台少女・凛明館女学校","5","7","この怒れる鬼が、
観客の視線をさらうわよ！","【自】：このキャラが手札からエントリーに置かれた時、あなたのメンバーに〔凛明館女学校〕がいるなら、あなたは１枚引く。","https://rebirth-fy.com/wordpress/wp-content/images/cardlist/RSBP/rs001b-037.png","https://rebirth-fy.com/wordpress/wp-content/images/cardlist/RSBP/rs001b-037.png"
"https://rebirth-fy.com/cardlist/?cardno=RS/001B-037SP","RS/001B-037SP","酒吞童子 文","4","SP","キャラ","舞台少女・凛明館女学校","5","7","","【自】：このキャラが手札からエントリーに置かれた時、あなたのメンバーに〔凛明館女学校〕がいるなら、あなたは１枚引く。","https://rebirth-fy.com/wordpress/wp-content/images/cardlist/RSBP/rs001b-037sp.png","https://rebirth-fy.com/wordpress/wp-content/images/cardlist/RSBP/rs001b-037sp.png"
"https://rebirth-fy.com/cardlist/?cardno=RS/001B-038","RS/001B-038","弁財天 文","3","R","キャラ","舞台少女・凛明館女学校","3","6","ご利益があればいいんだけど……","【自】【メンバー】【本領発揮Lv４】：あなたのメインフェイズ開始時、あなたはこのキャラをデッキの下に置くことで、自分のデッキの上から２枚エネルギーに置き、エネルギーから１枚選び、手札に戻す。","https://rebirth-fy.com/wordpress/wp-content/images/cardlist/RSBP/rs001b-038.png","https://rebirth-fy.com/wordpress/wp-content/images/cardlist/RSBP/rs001b-038.png"
"https://rebirth-fy.com/cardlist/?cardno=RS/001B-038S","RS/001B-038S","弁財天 文","3","R+","キャラ","舞台少女・凛明館女学校","3","6","ご利益があればいいんだけど……","【自】【メンバー】【本領発揮Lv４】：あなたのメインフェイズ開始時、あなたはこのキャラをデッキの下に置くことで、自分のデッキの上から２枚エネルギーに置き、エネルギーから１枚選び、手札に戻す。","https://rebirth-fy.com/wordpress/wp-content/images/cardlist/RSBP/rs001b-038s.png","https://rebirth-fy.com/wordpress/wp-content/images/cardlist/RSBP/rs001b-038s.png"
"https://rebirth-fy.com/cardlist/?cardno=RS/001B-039","RS/001B-039","夢大路 文","1","C","キャラ","舞台少女・凛明館女学校","2","4","私はもう
決して逃げたりしない","【自】【メンバー】：あなたの《栞》がエントリーに置かれた時、あなたはこのキャラを控え室に置く。（この効果は強制）","https://rebirth-fy.com/wordpress/wp-content/images/cardlist/RSBP/rs001b-039.png","https://rebirth-fy.com/wordpress/wp-content/images/cardlist/RSBP/rs001b-039.png"
"https://rebirth-fy.com/cardlist/?cardno=RS/001B-039S","RS/001B-039S","夢大路 文","1","C+","キャラ","舞台少女・凛明館女学校","2","4","私はもう
決して逃げたりしない","【自】【メンバー】：あなたの《栞》がエントリーに置かれた時、あなたはこのキャラを控え室に置く。（この効果は強制）","https://rebirth-fy.com/wordpress/wp-content/images/cardlist/RSBP/rs001b-039s.png","https://rebirth-fy.com/wordpress/wp-content/images/cardlist/RSBP/rs001b-039s.png"
"https://rebirth-fy.com/cardlist/?cardno=RS/001B-040","RS/001B-040","あやかし見廻り隊 隊士 文","3","C","キャラ","舞台少女・凛明館女学校","5","5","いちえの部下の役か……
なんかひっかかるわね","【スパーク】：あなたは相手の、エントリーかメンバーから１枚選び、このターン中、そのキャラは【永】をすべて失う。(【キャンセル】と【ブロッカー】とのびしろも失われる)","https://rebirth-fy.com/wordpress/wp-content/images/cardlist/RSBP/rs001b-040.png","https://rebirth-fy.com/wordpress/wp-content/images/cardlist/RSBP/rs001b-040.png"
"https://rebirth-fy.com/cardlist/?cardno=RS/001B-040S","RS/001B-040S","あやかし見廻り隊 隊士 文","3","C+","キャラ","舞台少女・凛明館女学校","5","5","いちえの部下の役か……
なんかひっかかるわね","【スパーク】：あなたは相手の、エントリーかメンバーから１枚選び、このターン中、そのキャラは【永】をすべて失う。(【キャンセル】と【ブロッカー】とのびしろも失われる)","https://rebirth-fy.com/wordpress/wp-content/images/cardlist/RSBP/rs001b-040s.png","https://rebirth-fy.com/wordpress/wp-content/images/cardlist/RSBP/rs001b-040s.png"
"https://rebirth-fy.com/cardlist/?cardno=RS/001B-041","RS/001B-041","鬼影 塁","3","RR","キャラ","舞台少女・凛明館女学校","3","4","『御館様』……！
いい響きです……！","【ブロッカー】（手札から控え室に置くと、味方へのアタック１回のダメージを０にする）【起】【控え室】【本領発揮Lv８】〔凛明館女学校〕：［エネ④］ あなたはこのキャラを手札に戻す。","https://rebirth-fy.com/wordpress/wp-content/images/cardlist/RSBP/rs001b-041.png","https://rebirth-fy.com/wordpress/wp-content/images/cardlist/RSBP/rs001b-041.png"
"https://rebirth-fy.com/cardlist/?cardno=RS/001B-041SP","RS/001B-041SP","鬼影 塁","3","SP","キャラ","舞台少女・凛明館女学校","3","4","","【ブロッカー】（手札から控え室に置くと、味方へのアタック１回のダメージを０にする）【起】【控え室】【本領発揮Lv８】〔凛明館女学校〕：［エネ④］ あなたはこのキャラを手札に戻す。","https://rebirth-fy.com/wordpress/wp-content/images/cardlist/RSBP/rs001b-041sp.png","https://rebirth-fy.com/wordpress/wp-content/images/cardlist/RSBP/rs001b-041sp.png"
"https://rebirth-fy.com/cardlist/?cardno=RS/001B-042","RS/001B-042","柳生十兵衛 塁","4","R","キャラ","舞台少女・凛明館女学校","5","5","憧れの剣豪……
全力で演じます！","【自】【エントリー】：このキャラがアタックした時、あなたは味方の【スタンド】しているメンバーから１枚選び、【レスト】することで、このアタック中、相手は【ブロッカー】を使えない。","https://rebirth-fy.com/wordpress/wp-content/images/cardlist/RSBP/rs001b-042.png","https://rebirth-fy.com/wordpress/wp-content/images/cardlist/RSBP/rs001b-042.png"
"https://rebirth-fy.com/cardlist/?cardno=RS/001B-042S","RS/001B-042S","柳生十兵衛 塁","4","R+","キャラ","舞台少女・凛明館女学校","5","5","憧れの剣豪……
全力で演じます！","【自】【エントリー】：このキャラがアタックした時、あなたは味方の【スタンド】しているメンバーから１枚選び、【レスト】することで、このアタック中、相手は【ブロッカー】を使えない。","https://rebirth-fy.com/wordpress/wp-content/images/cardlist/RSBP/rs001b-042s.png","https://rebirth-fy.com/wordpress/wp-content/images/cardlist/RSBP/rs001b-042s.png"
"https://rebirth-fy.com/cardlist/?cardno=RS/001B-043","RS/001B-043","秋風 塁","4","C","キャラ","舞台少女・凛明館女学校","4","8","珠緒先輩目指して
がんばります！","【永】【エントリー】：各ターンこのキャラの１回目のアタック中、あなたのメンバーに《珠緒》がいるなら、このキャラを＋５/±０。","https://rebirth-fy.com/wordpress/wp-content/images/cardlist/RSBP/rs001b-043.png","https://rebirth-fy.com/wordpress/wp-content/images/cardlist/RSBP/rs001b-043.png"
"https://rebirth-fy.com/cardlist/?cardno=RS/001B-043S","RS/001B-043S","秋風 塁","4","C+","キャラ","舞台少女・凛明館女学校","4","8","珠緒先輩目指して
がんばります！","【永】【エントリー】：各ターンこのキャラの１回目のアタック中、あなたのメンバーに《珠緒》がいるなら、このキャラを＋５/±０。","https://rebirth-fy.com/wordpress/wp-content/images/cardlist/RSBP/rs001b-043s.png","https://rebirth-fy.com/wordpress/wp-content/images/cardlist/RSBP/rs001b-043s.png"
"https://rebirth-fy.com/cardlist/?cardno=RS/001B-044","RS/001B-044","あやかし見廻り隊 隊士 塁","2","C","キャラ","舞台少女・凛明館女学校","4","5","無骨な剣豪
……といったところでしょうか","【のびしろ】（今後の成長に期待！）","https://rebirth-fy.com/wordpress/wp-content/images/cardlist/RSBP/rs001b-044.png","https://rebirth-fy.com/wordpress/wp-content/images/cardlist/RSBP/rs001b-044.png"
"https://rebirth-fy.com/cardlist/?cardno=RS/001B-044S","RS/001B-044S","あやかし見廻り隊 隊士 塁","2","C+","キャラ","舞台少女・凛明館女学校","4","5","無骨な剣豪
……といったところでしょうか","【のびしろ】（今後の成長に期待！）","https://rebirth-fy.com/wordpress/wp-content/images/cardlist/RSBP/rs001b-044s.png","https://rebirth-fy.com/wordpress/wp-content/images/cardlist/RSBP/rs001b-044s.png"
"https://rebirth-fy.com/cardlist/?cardno=RS/001B-045","RS/001B-045","風魔小太郎 ゆゆ子","5","RR","キャラ","舞台少女・凛明館女学校","4","7","当代随一の忍び、
演じちゃいますよ～","【永】【エントリー】【本領発揮Lv６】：あなたのエネルギーが５枚以上なら、あなたのメンバーは相手から選ばれない。【自】【本領発揮Lv６】：このキャラが手札からエントリーに置かれた時、あなたは自分の控え室から〔凛明館女学校〕を１枚選び、エネルギーに【レスト】で置く。","https://rebirth-fy.com/wordpress/wp-content/images/cardlist/RSBP/rs001b-045.png","https://rebirth-fy.com/wordpress/wp-content/images/cardlist/RSBP/rs001b-045.png"
"https://rebirth-fy.com/cardlist/?cardno=RS/001B-045SP","RS/001B-045SP","風魔小太郎 ゆゆ子","5","SP","キャラ","舞台少女・凛明館女学校","4","7","","【永】【エントリー】【本領発揮Lv６】：あなたのエネルギーが５枚以上なら、あなたのメンバーは相手から選ばれない。【自】【本領発揮Lv６】：このキャラが手札からエントリーに置かれた時、あなたは自分の控え室から〔凛明館女学校〕を１枚選び、エネルギーに【レスト】で置く。","https://rebirth-fy.com/wordpress/wp-content/images/cardlist/RSBP/rs001b-045sp.png","https://rebirth-fy.com/wordpress/wp-content/images/cardlist/RSBP/rs001b-045sp.png"
"https://rebirth-fy.com/cardlist/?cardno=RS/001B-046","RS/001B-046","源義経 ゆゆ子","1","R","キャラ","舞台少女・凛明館女学校","2","3","義経……幼名を牛若丸
私の好きな偉人の一人です","【スパーク】【本領発揮Lv３】：このターン中、このキャラを＋３/＋１。","https://rebirth-fy.com/wordpress/wp-content/images/cardlist/RSBP/rs001b-046.png","https://rebirth-fy.com/wordpress/wp-content/images/cardlist/RSBP/rs001b-046.png"
"https://rebirth-fy.com/cardlist/?cardno=RS/001B-046S","RS/001B-046S","源義経 ゆゆ子","1","R+","キャラ","舞台少女・凛明館女学校","2","3","義経……幼名を牛若丸
私の好きな偉人の一人です","【スパーク】【本領発揮Lv３】：このターン中、このキャラを＋３/＋１。","https://rebirth-fy.com/wordpress/wp-content/images/cardlist/RSBP/rs001b-046s.png","https://rebirth-fy.com/wordpress/wp-content/images/cardlist/RSBP/rs001b-046s.png"
"https://rebirth-fy.com/cardlist/?cardno=RS/001B-047","RS/001B-047","田中 ゆゆ子","1","C","キャラ","舞台少女・凛明館女学校","3","2","落語も出来る舞台少女
斬新だと思いません？","【永】【エントリー】：あなたのメンバーに《純那》がいるなら、このキャラを＋１/±０。","https://rebirth-fy.com/wordpress/wp-content/images/cardlist/RSBP/rs001b-047.png","https://rebirth-fy.com/wordpress/wp-content/images/cardlist/RSBP/rs001b-047.png"
"https://rebirth-fy.com/cardlist/?cardno=RS/001B-047S","RS/001B-047S","田中 ゆゆ子","1","C+","キャラ","舞台少女・凛明館女学校","3","2","落語も出来る舞台少女
斬新だと思いません？","【永】【エントリー】：あなたのメンバーに《純那》がいるなら、このキャラを＋１/±０。","https://rebirth-fy.com/wordpress/wp-content/images/cardlist/RSBP/rs001b-047s.png","https://rebirth-fy.com/wordpress/wp-content/images/cardlist/RSBP/rs001b-047s.png"
"https://rebirth-fy.com/cardlist/?cardno=RS/001B-048","RS/001B-048","あやかし見廻り隊 隊士 ゆゆ子","3","C","キャラ","舞台少女・凛明館女学校","4","7","おばけが見えるのと見えないの、
どっちが幸せなんですかね～","【起】【メンバー】【ターン１】：［このキャラを【レスト】する］ あなたのエネルギーが５枚以上なら、あなたは１枚引く。【起】【メンバー】：［エネ③］ このキャラを【スタンド】する。","https://rebirth-fy.com/wordpress/wp-content/images/cardlist/RSBP/rs001b-048.png","https://rebirth-fy.com/wordpress/wp-content/images/cardlist/RSBP/rs001b-048.png"
"https://rebirth-fy.com/cardlist/?cardno=RS/001B-048S","RS/001B-048S","あやかし見廻り隊 隊士 ゆゆ子","3","C+","キャラ","舞台少女・凛明館女学校","4","7","おばけが見えるのと見えないの、
どっちが幸せなんですかね～","【起】【メンバー】【ターン１】：［このキャラを【レスト】する］ あなたのエネルギーが５枚以上なら、あなたは１枚引く。【起】【メンバー】：［エネ③］ このキャラを【スタンド】する。","https://rebirth-fy.com/wordpress/wp-content/images/cardlist/RSBP/rs001b-048s.png","https://rebirth-fy.com/wordpress/wp-content/images/cardlist/RSBP/rs001b-048s.png"
"https://rebirth-fy.com/cardlist/?cardno=RS/001B-049","RS/001B-049","イースターバニー あるる","5","RRR","キャラ","舞台少女・フロンティア芸術学校","6","5","可愛いエッグがいっぱいだよ！","【スパーク】【本領発揮Lv５】〔フロンティア芸術学校〕：あなたは自分のメンバーから１枚選び、控え室に置くことで、相手のメンバーから１枚選び、控え室に置く。【起】【エントリー】【Reコンボ】《私色に染まった卵》【本領発揮Lv５】【ターン１】： あなたは１枚引き、自分の手札からキャラを１枚まで選び、メンバーに置く。","https://rebirth-fy.com/wordpress/wp-content/images/cardlist/RSBP/rs001b-049.png","https://rebirth-fy.com/wordpress/wp-content/images/cardlist/RSBP/rs001b-049.png"
"https://rebirth-fy.com/cardlist/?cardno=RS/001B-049SP","RS/001B-049SP","イースターバニー あるる","5","SP","キャラ","舞台少女・フロンティア芸術学校","6","5","","【スパーク】【本領発揮Lv５】〔フロンティア芸術学校〕：あなたは自分のメンバーから１枚選び、控え室に置くことで、相手のメンバーから１枚選び、控え室に置く。【起】【エントリー】【Reコンボ】《私色に染まった卵》【本領発揮Lv５】【ターン１】： あなたは１枚引き、自分の手札からキャラを１枚まで選び、メンバーに置く。","https://rebirth-fy.com/wordpress/wp-content/images/cardlist/RSBP/rs001b-049sp.png","https://rebirth-fy.com/wordpress/wp-content/images/cardlist/RSBP/rs001b-049sp.png"
"https://rebirth-fy.com/cardlist/?cardno=RS/001B-050","RS/001B-050","駆け出し船長 あるる","3","R","キャラ","舞台少女・フロンティア芸術学校","3","7","私のこと、今はキャプテン、
って呼んでくれてもいいんだよ","【自】【メンバー】：このキャラがサポートした時、あなたはこのキャラをデッキの下に置くことで、このアタック中、サポートされたキャラを＋３/±０。","https://rebirth-fy.com/wordpress/wp-content/images/cardlist/RSBP/rs001b-050.png","https://rebirth-fy.com/wordpress/wp-content/images/cardlist/RSBP/rs001b-050.png"
"https://rebirth-fy.com/cardlist/?cardno=RS/001B-050S","RS/001B-050S","駆け出し船長 あるる","3","R+","キャラ","舞台少女・フロンティア芸術学校","3","7","私のこと、今はキャプテン、
って呼んでくれてもいいんだよ","【自】【メンバー】：このキャラがサポートした時、あなたはこのキャラをデッキの下に置くことで、このアタック中、サポートされたキャラを＋３/±０。","https://rebirth-fy.com/wordpress/wp-content/images/cardlist/RSBP/rs001b-050s.png","https://rebirth-fy.com/wordpress/wp-content/images/cardlist/RSBP/rs001b-050s.png"
"https://rebirth-fy.com/cardlist/?cardno=RS/001B-051","RS/001B-051","大月 あるる","1","R","キャラ","舞台少女・フロンティア芸術学校","2","3","毎日歌ったり踊ったり
舞台少女ってさいっこう♪","【スパーク】【本領発揮Lv４】〔フロンティア芸術学校〕：あなたは相手のメンバーから１枚選び、控え室に置く。","https://rebirth-fy.com/wordpress/wp-content/images/cardlist/RSBP/rs001b-051.png","https://rebirth-fy.com/wordpress/wp-content/images/cardlist/RSBP/rs001b-051.png"
"https://rebirth-fy.com/cardlist/?cardno=RS/001B-051S","RS/001B-051S","大月 あるる","1","R+","キャラ","舞台少女・フロンティア芸術学校","2","3","毎日歌ったり踊ったり
舞台少女ってさいっこう♪","【スパーク】【本領発揮Lv４】〔フロンティア芸術学校〕：あなたは相手のメンバーから１枚選び、控え室に置く。","https://rebirth-fy.com/wordpress/wp-content/images/cardlist/RSBP/rs001b-051s.png","https://rebirth-fy.com/wordpress/wp-content/images/cardlist/RSBP/rs001b-051s.png"
"https://rebirth-fy.com/cardlist/?cardno=RS/001B-052","RS/001B-052","妖精の魔法使い あるる","3","C","キャラ","舞台少女・フロンティア芸術学校","4","6","魔法でみんなを幸せにする、
素敵な妖精さんなんだよ！","【起】【エントリー】：［エネ③］ このターン中、このキャラを＋２/±０。","https://rebirth-fy.com/wordpress/wp-content/images/cardlist/RSBP/rs001b-052.png","https://rebirth-fy.com/wordpress/wp-content/images/cardlist/RSBP/rs001b-052.png"
"https://rebirth-fy.com/cardlist/?cardno=RS/001B-052S","RS/001B-052S","妖精の魔法使い あるる","3","C+","キャラ","舞台少女・フロンティア芸術学校","4","6","魔法でみんなを幸せにする、
素敵な妖精さんなんだよ！","【起】【エントリー】：［エネ③］ このターン中、このキャラを＋２/±０。","https://rebirth-fy.com/wordpress/wp-content/images/cardlist/RSBP/rs001b-052s.png","https://rebirth-fy.com/wordpress/wp-content/images/cardlist/RSBP/rs001b-052s.png"
"https://rebirth-fy.com/cardlist/?cardno=RS/001B-053","RS/001B-053","ドン・キホーテ 美空","2","RR","キャラ","舞台少女・フロンティア芸術学校","4","4","ドン・キホーテ・デ・ラ・マンチャ
……ちょっと言いにくいわよね","【自】【本領発揮Lv４】：このキャラが手札からメンバーに置かれた時、あなたは自分のエントリーから〔フロンティア芸術学校〕を１枚選び、このターンそのキャラの次のアタック中、相手は【ブロッカー】を使えない。","https://rebirth-fy.com/wordpress/wp-content/images/cardlist/RSBP/rs001b-053.png","https://rebirth-fy.com/wordpress/wp-content/images/cardlist/RSBP/rs001b-053.png"
"https://rebirth-fy.com/cardlist/?cardno=RS/001B-053SP","RS/001B-053SP","ドン・キホーテ 美空","2","SP","キャラ","舞台少女・フロンティア芸術学校","4","4","","【自】【本領発揮Lv４】：このキャラが手札からメンバーに置かれた時、あなたは自分のエントリーから〔フロンティア芸術学校〕を１枚選び、このターンそのキャラの次のアタック中、相手は【ブロッカー】を使えない。","https://rebirth-fy.com/wordpress/wp-content/images/cardlist/RSBP/rs001b-053sp.png","https://rebirth-fy.com/wordpress/wp-content/images/cardlist/RSBP/rs001b-053sp.png"
"https://rebirth-fy.com/cardlist/?cardno=RS/001B-054","RS/001B-054","駆け出し操舵士 美空","2","R","キャラ","舞台少女・フロンティア芸術学校","3","2","あるると幼馴染……
まさか役でもとはね～","【ブロッカー】（手札から控え室に置くと、味方へのアタック１回のダメージを０にする）【起】【メンバー】【本領発揮Lv７】：［エネ①］ あなたのエントリーに《あるる》がいるなら、あなたはこのキャラをデッキの下に置く。","https://rebirth-fy.com/wordpress/wp-content/images/cardlist/RSBP/rs001b-054.png","https://rebirth-fy.com/wordpress/wp-content/images/cardlist/RSBP/rs001b-054.png"
"https://rebirth-fy.com/cardlist/?cardno=RS/001B-054S","RS/001B-054S","駆け出し操舵士 美空","2","R+","キャラ","舞台少女・フロンティア芸術学校","3","2","あるると幼馴染……
まさか役でもとはね～","【ブロッカー】（手札から控え室に置くと、味方へのアタック１回のダメージを０にする）【起】【メンバー】【本領発揮Lv７】：［エネ①］ あなたのエントリーに《あるる》がいるなら、あなたはこのキャラをデッキの下に置く。","https://rebirth-fy.com/wordpress/wp-content/images/cardlist/RSBP/rs001b-054s.png","https://rebirth-fy.com/wordpress/wp-content/images/cardlist/RSBP/rs001b-054s.png"
"https://rebirth-fy.com/cardlist/?cardno=RS/001B-055","RS/001B-055","叶 美空","3","C","キャラ","舞台少女・フロンティア芸術学校","4","5","体力なら
自信ありますから！","【スパーク】：このターン中、このキャラを＋２/＋２。","https://rebirth-fy.com/wordpress/wp-content/images/cardlist/RSBP/rs001b-055.png","https://rebirth-fy.com/wordpress/wp-content/images/cardlist/RSBP/rs001b-055.png"
"https://rebirth-fy.com/cardlist/?cardno=RS/001B-055S","RS/001B-055S","叶 美空","3","C+","キャラ","舞台少女・フロンティア芸術学校","4","5","体力なら
自信ありますから！","【スパーク】：このターン中、このキャラを＋２/＋２。","https://rebirth-fy.com/wordpress/wp-content/images/cardlist/RSBP/rs001b-055s.png","https://rebirth-fy.com/wordpress/wp-content/images/cardlist/RSBP/rs001b-055s.png"
"https://rebirth-fy.com/cardlist/?cardno=RS/001B-056","RS/001B-056","パンドラ 美空","1","C","キャラ","舞台少女・フロンティア芸術学校","2","5","箱の底にあるものは――
希望だと思わない？","【のびしろ】（今後の成長に期待！）","https://rebirth-fy.com/wordpress/wp-content/images/cardlist/RSBP/rs001b-056.png","https://rebirth-fy.com/wordpress/wp-content/images/cardlist/RSBP/rs001b-056.png"
"https://rebirth-fy.com/cardlist/?cardno=RS/001B-056S","RS/001B-056S","パンドラ 美空","1","C+","キャラ","舞台少女・フロンティア芸術学校","2","5","箱の底にあるものは――
希望だと思わない？","【のびしろ】（今後の成長に期待！）","https://rebirth-fy.com/wordpress/wp-content/images/cardlist/RSBP/rs001b-056s.png","https://rebirth-fy.com/wordpress/wp-content/images/cardlist/RSBP/rs001b-056s.png"
"https://rebirth-fy.com/cardlist/?cardno=RS/001B-057","RS/001B-057","シンデレラ ララフィン","2","RR","キャラ","舞台少女・フロンティア芸術学校","4","4","もっと格好いい
シンデレラになりたいんだ～！","【起】【メンバー】【Reコンボ】《新シンデレラは正義の味方！》【本領発揮Lv４】【ターン１】：［エネ①］ あなたは１枚引き、自分のエントリーから〔フロンティア芸術学校〕を１枚選び、デッキの下に置く。","https://rebirth-fy.com/wordpress/wp-content/images/cardlist/RSBP/rs001b-057.png","https://rebirth-fy.com/wordpress/wp-content/images/cardlist/RSBP/rs001b-057.png"
"https://rebirth-fy.com/cardlist/?cardno=RS/001B-057SP","RS/001B-057SP","シンデレラ ララフィン","2","SP","キャラ","舞台少女・フロンティア芸術学校","4","4","","【起】【メンバー】【Reコンボ】《新シンデレラは正義の味方！》【本領発揮Lv４】【ターン１】：［エネ①］ あなたは１枚引き、自分のエントリーから〔フロンティア芸術学校〕を１枚選び、デッキの下に置く。","https://rebirth-fy.com/wordpress/wp-content/images/cardlist/RSBP/rs001b-057sp.png","https://rebirth-fy.com/wordpress/wp-content/images/cardlist/RSBP/rs001b-057sp.png"
"https://rebirth-fy.com/cardlist/?cardno=RS/001B-058","RS/001B-058","水兵 ノア ララフィン","3","R","キャラ","舞台少女・フロンティア芸術学校","4","6","この舞台で、
みんなに時間を忘れさせるよ！","【スパーク】【本領発揮Lv３】〔フロンティア芸術学校〕：あなたは１枚引く。","https://rebirth-fy.com/wordpress/wp-content/images/cardlist/RSBP/rs001b-058.png","https://rebirth-fy.com/wordpress/wp-content/images/cardlist/RSBP/rs001b-058.png"
"https://rebirth-fy.com/cardlist/?cardno=RS/001B-058S","RS/001B-058S","水兵 ノア ララフィン","3","R+","キャラ","舞台少女・フロンティア芸術学校","4","6","この舞台で、
みんなに時間を忘れさせるよ！","【スパーク】【本領発揮Lv３】〔フロンティア芸術学校〕：あなたは１枚引く。","https://rebirth-fy.com/wordpress/wp-content/images/cardlist/RSBP/rs001b-058s.png","https://rebirth-fy.com/wordpress/wp-content/images/cardlist/RSBP/rs001b-058s.png"
"https://rebirth-fy.com/cardlist/?cardno=RS/001B-059","RS/001B-059","野々宮 ララフィン","1","R","キャラ","舞台少女・フロンティア芸術学校","2","3","アクロバットは
ララフィン自信あるよ～","【自】：このキャラが相手の効果でメンバーから控え室に置かれた時、あなたはこのキャラを控え室から手札に戻してよい。","https://rebirth-fy.com/wordpress/wp-content/images/cardlist/RSBP/rs001b-059.png","https://rebirth-fy.com/wordpress/wp-content/images/cardlist/RSBP/rs001b-059.png"
"https://rebirth-fy.com/cardlist/?cardno=RS/001B-059S","RS/001B-059S","野々宮 ララフィン","1","R+","キャラ","舞台少女・フロンティア芸術学校","2","3","アクロバットは
ララフィン自信あるよ～","【自】：このキャラが相手の効果でメンバーから控え室に置かれた時、あなたはこのキャラを控え室から手札に戻してよい。","https://rebirth-fy.com/wordpress/wp-content/images/cardlist/RSBP/rs001b-059s.png","https://rebirth-fy.com/wordpress/wp-content/images/cardlist/RSBP/rs001b-059s.png"
"https://rebirth-fy.com/cardlist/?cardno=RS/001B-060","RS/001B-060","海賊女王の用心棒 ララフィン","1","C","キャラ","舞台少女・フロンティア芸術学校","2","3","海賊ってちょっと悪役っぽい
セリフが多くて楽しい～！","【スパーク】：このターン中、このキャラを＋２/＋２。","https://rebirth-fy.com/wordpress/wp-content/images/cardlist/RSBP/rs001b-060.png","https://rebirth-fy.com/wordpress/wp-content/images/cardlist/RSBP/rs001b-060.png"
"https://rebirth-fy.com/cardlist/?cardno=RS/001B-060S","RS/001B-060S","海賊女王の用心棒 ララフィン","1","C+","キャラ","舞台少女・フロンティア芸術学校","2","3","海賊ってちょっと悪役っぽい
セリフが多くて楽しい～！","【スパーク】：このターン中、このキャラを＋２/＋２。","https://rebirth-fy.com/wordpress/wp-content/images/cardlist/RSBP/rs001b-060s.png","https://rebirth-fy.com/wordpress/wp-content/images/cardlist/RSBP/rs001b-060s.png"
"https://rebirth-fy.com/cardlist/?cardno=RS/001B-061","RS/001B-061","チェシャ猫 つかさ","2","RR","キャラ","舞台少女・フロンティア芸術学校","3","4","猫は猫でも、
世にも不気味な猫を演じるの！","【自】【メンバー】：このキャラが〔フロンティア芸術学校〕をサポートした時、あなたはこのキャラをデッキの下に置くことで、１枚引く。","https://rebirth-fy.com/wordpress/wp-content/images/cardlist/RSBP/rs001b-061.png","https://rebirth-fy.com/wordpress/wp-content/images/cardlist/RSBP/rs001b-061.png"
"https://rebirth-fy.com/cardlist/?cardno=RS/001B-061SP","RS/001B-061SP","チェシャ猫 つかさ","2","SP","キャラ","舞台少女・フロンティア芸術学校","3","4","","【自】【メンバー】：このキャラが〔フロンティア芸術学校〕をサポートした時、あなたはこのキャラをデッキの下に置くことで、１枚引く。","https://rebirth-fy.com/wordpress/wp-content/images/cardlist/RSBP/rs001b-061sp.png","https://rebirth-fy.com/wordpress/wp-content/images/cardlist/RSBP/rs001b-061sp.png"
"https://rebirth-fy.com/cardlist/?cardno=RS/001B-062","RS/001B-062","謹賀新年！ つかさ","1","R","キャラ","舞台少女・フロンティア芸術学校","2","4","新年早々に
ラッキーきたんじゃない？","【自】【メンバー】：このキャラが〔フロンティア芸術学校〕をサポートした時、あなたはこのキャラをデッキの下に置くことで、このアタック中、サポートされたキャラを＋１/±０。","https://rebirth-fy.com/wordpress/wp-content/images/cardlist/RSBP/rs001b-062.png","https://rebirth-fy.com/wordpress/wp-content/images/cardlist/RSBP/rs001b-062.png"
"https://rebirth-fy.com/cardlist/?cardno=RS/001B-062S","RS/001B-062S","謹賀新年！ つかさ","1","R+","キャラ","舞台少女・フロンティア芸術学校","2","4","新年早々に
ラッキーきたんじゃない？","【自】【メンバー】：このキャラが〔フロンティア芸術学校〕をサポートした時、あなたはこのキャラをデッキの下に置くことで、このアタック中、サポートされたキャラを＋１/±０。","https://rebirth-fy.com/wordpress/wp-content/images/cardlist/RSBP/rs001b-062s.png","https://rebirth-fy.com/wordpress/wp-content/images/cardlist/RSBP/rs001b-062s.png"
"https://rebirth-fy.com/cardlist/?cardno=RS/001B-063","RS/001B-063","恵比寿 つかさ","4","R","キャラ","舞台少女・フロンティア芸術学校","6","4","みんなでもっといい舞台
目指しましょう！","【自】【エントリー】【本領発揮Lv４】【ターン１】：このキャラが相手のキャラをリタイアさせた時、あなたのメンバーに《あるる》がいるなら、あなたは１枚引く。","https://rebirth-fy.com/wordpress/wp-content/images/cardlist/RSBP/rs001b-063.png","https://rebirth-fy.com/wordpress/wp-content/images/cardlist/RSBP/rs001b-063.png"
"https://rebirth-fy.com/cardlist/?cardno=RS/001B-063S","RS/001B-063S","恵比寿 つかさ","4","R+","キャラ","舞台少女・フロンティア芸術学校","6","4","みんなでもっといい舞台
目指しましょう！","【自】【エントリー】【本領発揮Lv４】【ターン１】：このキャラが相手のキャラをリタイアさせた時、あなたのメンバーに《あるる》がいるなら、あなたは１枚引く。","https://rebirth-fy.com/wordpress/wp-content/images/cardlist/RSBP/rs001b-063s.png","https://rebirth-fy.com/wordpress/wp-content/images/cardlist/RSBP/rs001b-063s.png"
"https://rebirth-fy.com/cardlist/?cardno=RS/001B-064","RS/001B-064","ベテラン海賊 つかさ","2","C","キャラ","舞台少女・フロンティア芸術学校","4","4","海賊って自由の象徴って気がして
憧れるわよね！","【スパーク】【本領発揮Lv４】：あなたは相手のエネルギーから１枚選び、次の相手のターン中、そのエネルギーは【スタンド】しない。このターン中、このキャラを＋１/＋１。","https://rebirth-fy.com/wordpress/wp-content/images/cardlist/RSBP/rs001b-064.png","https://rebirth-fy.com/wordpress/wp-content/images/cardlist/RSBP/rs001b-064.png"
"https://rebirth-fy.com/cardlist/?cardno=RS/001B-064S","RS/001B-064S","ベテラン海賊 つかさ","2","C+","キャラ","舞台少女・フロンティア芸術学校","4","4","海賊って自由の象徴って気がして
憧れるわよね！","【スパーク】【本領発揮Lv４】：あなたは相手のエネルギーから１枚選び、次の相手のターン中、そのエネルギーは【スタンド】しない。このターン中、このキャラを＋１/＋１。","https://rebirth-fy.com/wordpress/wp-content/images/cardlist/RSBP/rs001b-064s.png","https://rebirth-fy.com/wordpress/wp-content/images/cardlist/RSBP/rs001b-064s.png"
"https://rebirth-fy.com/cardlist/?cardno=RS/001B-065","RS/001B-065","モンテ・クリスト伯 静羽","4","RR","キャラ","舞台少女・フロンティア芸術学校","5","5","激しくも悲しい、
復讐譚が始まるわ","【永】【エントリー】【本領発揮Lv４】：このキャラを＋１/±０。【永】【エントリー】【本領発揮Lv６】：このキャラを±０/＋１。【永】【エントリー】【本領発揮Lv８】〔フロンティア芸術学校〕：このキャラを＋２/＋２。","https://rebirth-fy.com/wordpress/wp-content/images/cardlist/RSBP/rs001b-065.png","https://rebirth-fy.com/wordpress/wp-content/images/cardlist/RSBP/rs001b-065.png"
"https://rebirth-fy.com/cardlist/?cardno=RS/001B-065SP","RS/001B-065SP","モンテ・クリスト伯 静羽","4","SP","キャラ","舞台少女・フロンティア芸術学校","5","5","","【永】【エントリー】【本領発揮Lv４】：このキャラを＋１/±０。【永】【エントリー】【本領発揮Lv６】：このキャラを±０/＋１。【永】【エントリー】【本領発揮Lv８】〔フロンティア芸術学校〕：このキャラを＋２/＋２。","https://rebirth-fy.com/wordpress/wp-content/images/cardlist/RSBP/rs001b-065sp.png","https://rebirth-fy.com/wordpress/wp-content/images/cardlist/RSBP/rs001b-065sp.png"
"https://rebirth-fy.com/cardlist/?cardno=RS/001B-066","RS/001B-066","水兵長 マリオン 静羽","3","R","キャラ","舞台少女・フロンティア芸術学校","4","6","時間が許す限り、
歌って踊って楽しみましょう♪","【スパーク】【本領発揮Lv５】：あなたは自分のメンバーから１枚選び、エネルギーに【レスト】で置いてよい。","https://rebirth-fy.com/wordpress/wp-content/images/cardlist/RSBP/rs001b-066.png","https://rebirth-fy.com/wordpress/wp-content/images/cardlist/RSBP/rs001b-066.png"
"https://rebirth-fy.com/cardlist/?cardno=RS/001B-066S","RS/001B-066S","水兵長 マリオン 静羽","3","R+","キャラ","舞台少女・フロンティア芸術学校","4","6","時間が許す限り、
歌って踊って楽しみましょう♪","【スパーク】【本領発揮Lv５】：あなたは自分のメンバーから１枚選び、エネルギーに【レスト】で置いてよい。","https://rebirth-fy.com/wordpress/wp-content/images/cardlist/RSBP/rs001b-066s.png","https://rebirth-fy.com/wordpress/wp-content/images/cardlist/RSBP/rs001b-066s.png"
"https://rebirth-fy.com/cardlist/?cardno=RS/001B-067","RS/001B-067","胡蝶 静羽","5","R","キャラ","舞台少女・フロンティア芸術学校","5","6","大航海時代、
まさしくフロンティア精神よね","【スパーク】：あなたは自分の控え室からキャラを１枚選び、メンバーに置いてよい。","https://rebirth-fy.com/wordpress/wp-content/images/cardlist/RSBP/rs001b-067.png","https://rebirth-fy.com/wordpress/wp-content/images/cardlist/RSBP/rs001b-067.png"
"https://rebirth-fy.com/cardlist/?cardno=RS/001B-067S","RS/001B-067S","胡蝶 静羽","5","R+","キャラ","舞台少女・フロンティア芸術学校","5","6","困ったことがあれば
遠慮せずに言ってね？","【スパーク】：あなたは自分の控え室からキャラを１枚選び、メンバーに置いてよい。","https://rebirth-fy.com/wordpress/wp-content/images/cardlist/RSBP/rs001b-067s.png","https://rebirth-fy.com/wordpress/wp-content/images/cardlist/RSBP/rs001b-067s.png"
"https://rebirth-fy.com/cardlist/?cardno=RS/001B-068","RS/001B-068","海賊女王 静羽","1","C","キャラ","舞台少女・フロンティア芸術学校","3","2","大航海時代、
まさしくフロンティア精神よね","【スパーク】：あなたは相手のエントリーからDEF４以上のキャラを１枚選び、このターン中、そのキャラを±０/－１し、このキャラを＋１/±０。","https://rebirth-fy.com/wordpress/wp-content/images/cardlist/RSBP/rs001b-068.png","https://rebirth-fy.com/wordpress/wp-content/images/cardlist/RSBP/rs001b-068.png"
"https://rebirth-fy.com/cardlist/?cardno=RS/001B-068S","RS/001B-068S","海賊女王 静羽","1","C+","キャラ","舞台少女・フロンティア芸術学校","3","2","大航海時代、
まさしくフロンティア精神よね","【スパーク】：あなたは相手のエントリーからDEF４以上のキャラを１枚選び、このターン中、そのキャラを±０/－１し、このキャラを＋１/±０。","https://rebirth-fy.com/wordpress/wp-content/images/cardlist/RSBP/rs001b-068s.png","https://rebirth-fy.com/wordpress/wp-content/images/cardlist/RSBP/rs001b-068s.png"
"https://rebirth-fy.com/cardlist/?cardno=RS/001B-069","RS/001B-069","セイレーン 晶","5","RRR","キャラ","舞台少女・シークフェルト音楽学院","4","7","セイレーン……か
ならば、私の歌で溺れさせよう","【自】【エントリー】【Reコンボ】《乙女の髪結い》【本領発揮Lv５】【ターン１】：このキャラがアタックした時、あなたは自分の控え室から、《ミチル》か【キャンセル】を持つキャラを１枚選び、メンバーに置く。【起】【エントリー】：［エネ③］ あなたは自分の控え室から《乙女の髪結い》を１枚セットする。","https://rebirth-fy.com/wordpress/wp-content/images/cardlist/RSBP/rs001b-069.png","https://rebirth-fy.com/wordpress/wp-content/images/cardlist/RSBP/rs001b-069.png"
"https://rebirth-fy.com/cardlist/?cardno=RS/001B-069SP","RS/001B-069SP","セイレーン 晶","5","SP","キャラ","舞台少女・シークフェルト音楽学院","4","7","","【自】【エントリー】【Reコンボ】《乙女の髪結い》【本領発揮Lv５】【ターン１】：このキャラがアタックした時、あなたは自分の控え室から、《ミチル》か【キャンセル】を持つキャラを１枚選び、メンバーに置く。【起】【エントリー】：［エネ③］ あなたは自分の控え室から《乙女の髪結い》を１枚セットする。","https://rebirth-fy.com/wordpress/wp-content/images/cardlist/RSBP/rs001b-069sp.png","https://rebirth-fy.com/wordpress/wp-content/images/cardlist/RSBP/rs001b-069sp.png"
"https://rebirth-fy.com/cardlist/?cardno=RS/001B-070","RS/001B-070","天の神 晶","2","R","キャラ","舞台少女・シークフェルト音楽学院","3","5","人が役を選ぶのか、
役が人を選ぶのか……","【スパーク】【本領発揮Lv３】〔シークフェルト音楽学院〕：あなたは１枚引く。","https://rebirth-fy.com/wordpress/wp-content/images/cardlist/RSBP/rs001b-070.png","https://rebirth-fy.com/wordpress/wp-content/images/cardlist/RSBP/rs001b-070.png"
"https://rebirth-fy.com/cardlist/?cardno=RS/001B-070S","RS/001B-070S","天の神 晶","2","R+","キャラ","舞台少女・シークフェルト音楽学院","3","5","人が役を選ぶのか、
役が人を選ぶのか……","【スパーク】【本領発揮Lv３】〔シークフェルト音楽学院〕：あなたは１枚引く。","https://rebirth-fy.com/wordpress/wp-content/images/cardlist/RSBP/rs001b-070s.png","https://rebirth-fy.com/wordpress/wp-content/images/cardlist/RSBP/rs001b-070s.png"
"https://rebirth-fy.com/cardlist/?cardno=RS/001B-071","RS/001B-071","雪代 晶","4","C","キャラ","舞台少女・シークフェルト音楽学院","6","6","格の違いをみせよう","【のびしろ】（今後の成長に期待！）","https://rebirth-fy.com/wordpress/wp-content/images/cardlist/RSBP/rs001b-071.png","https://rebirth-fy.com/wordpress/wp-content/images/cardlist/RSBP/rs001b-071.png"
"https://rebirth-fy.com/cardlist/?cardno=RS/001B-071S","RS/001B-071S","雪代 晶","4","C+","キャラ","舞台少女・シークフェルト音楽学院","6","6","格の違いをみせよう","【のびしろ】（今後の成長に期待！）","https://rebirth-fy.com/wordpress/wp-content/images/cardlist/RSBP/rs001b-071s.png","https://rebirth-fy.com/wordpress/wp-content/images/cardlist/RSBP/rs001b-071s.png"
"https://rebirth-fy.com/cardlist/?cardno=RS/001B-072","RS/001B-072","野獣 晶","3","C","キャラ","舞台少女・シークフェルト音楽学院","5","3","愛を知らない獣……
演じ切ってみせよう","【キャンセル】：Reバース以外の【スパーク】（手札から控え室に置くと、Reバース以外の【スパーク】を１つ止める）","https://rebirth-fy.com/wordpress/wp-content/images/cardlist/RSBP/rs001b-072.png","https://rebirth-fy.com/wordpress/wp-content/images/cardlist/RSBP/rs001b-072.png"
"https://rebirth-fy.com/cardlist/?cardno=RS/001B-072S","RS/001B-072S","野獣 晶","3","C+","キャラ","舞台少女・シークフェルト音楽学院","5","3","愛を知らない獣……
演じ切ってみせよう","【キャンセル】：Reバース以外の【スパーク】（手札から控え室に置くと、Reバース以外の【スパーク】を１つ止める）","https://rebirth-fy.com/wordpress/wp-content/images/cardlist/RSBP/rs001b-072s.png","https://rebirth-fy.com/wordpress/wp-content/images/cardlist/RSBP/rs001b-072s.png"
"https://rebirth-fy.com/cardlist/?cardno=RS/001B-073","RS/001B-073","織姫 ミチル","3","RR","キャラ","舞台少女・シークフェルト音楽学院","4","3","今年は夜空と舞台の両方で、
織姫と彦星が再会するよ♪","【永】【メンバー】【本領発揮Lv７】：あなたのエントリーの〔シークフェルト音楽学院〕を＋２/±０。","https://rebirth-fy.com/wordpress/wp-content/images/cardlist/RSBP/rs001b-073.png","https://rebirth-fy.com/wordpress/wp-content/images/cardlist/RSBP/rs001b-073.png"
"https://rebirth-fy.com/cardlist/?cardno=RS/001B-073SP","RS/001B-073SP","織姫 ミチル","3","SP","キャラ","舞台少女・シークフェルト音楽学院","4","3","","【永】【メンバー】【本領発揮Lv７】：あなたのエントリーの〔シークフェルト音楽学院〕を＋２/±０。","https://rebirth-fy.com/wordpress/wp-content/images/cardlist/RSBP/rs001b-073sp.png","https://rebirth-fy.com/wordpress/wp-content/images/cardlist/RSBP/rs001b-073sp.png"
"https://rebirth-fy.com/cardlist/?cardno=RS/001B-074","RS/001B-074","ハーメルンの笛吹き ミチル","3","R","キャラ","舞台少女・シークフェルト音楽学院","3","7","笛吹きみたいに、
ミチルが観客を魅了するよ！","【自】【メンバー】【本領発揮Lv５】〔シークフェルト音楽学院〕：このキャラがサポートした時、あなたはこのキャラをエネルギーに置くことで、１枚引く。","https://rebirth-fy.com/wordpress/wp-content/images/cardlist/RSBP/rs001b-074.png","https://rebirth-fy.com/wordpress/wp-content/images/cardlist/RSBP/rs001b-074.png"
"https://rebirth-fy.com/cardlist/?cardno=RS/001B-074S","RS/001B-074S","ハーメルンの笛吹き ミチル","3","R+","キャラ","舞台少女・シークフェルト音楽学院","3","7","笛吹きみたいに、
ミチルが観客を魅了するよ！","【自】【メンバー】【本領発揮Lv５】〔シークフェルト音楽学院〕：このキャラがサポートした時、あなたはこのキャラをエネルギーに置くことで、１枚引く。","https://rebirth-fy.com/wordpress/wp-content/images/cardlist/RSBP/rs001b-074s.png","https://rebirth-fy.com/wordpress/wp-content/images/cardlist/RSBP/rs001b-074s.png"
"https://rebirth-fy.com/cardlist/?cardno=RS/001B-075","RS/001B-075","鳳 ミチル","2","R","キャラ","舞台少女・シークフェルト音楽学院","2","3","ミチルと一緒に
今日もがんばろうね～","【ブロッカー】（手札から控え室に置くと、味方へのアタック１回のダメージを０にする）【自】【本領発揮Lv５】：このキャラが《晶》をブロックした時、あなたはこのキャラをエネルギーに置いてよい。","https://rebirth-fy.com/wordpress/wp-content/images/cardlist/RSBP/rs001b-075.png","https://rebirth-fy.com/wordpress/wp-content/images/cardlist/RSBP/rs001b-075.png"
"https://rebirth-fy.com/cardlist/?cardno=RS/001B-075S","RS/001B-075S","鳳 ミチル","2","R+","キャラ","舞台少女・シークフェルト音楽学院","2","3","ミチルと一緒に
今日もがんばろうね～","【ブロッカー】（手札から控え室に置くと、味方へのアタック１回のダメージを０にする）【自】【本領発揮Lv５】：このキャラが《晶》をブロックした時、あなたはこのキャラをエネルギーに置いてよい。","https://rebirth-fy.com/wordpress/wp-content/images/cardlist/RSBP/rs001b-075s.png","https://rebirth-fy.com/wordpress/wp-content/images/cardlist/RSBP/rs001b-075s.png"
"https://rebirth-fy.com/cardlist/?cardno=RS/001B-076","RS/001B-076","水の神 ミチル","4","C","キャラ","舞台少女・シークフェルト音楽学院","4","8","水の流れのように、
時に急激に、時に穏やかに……","【永】【エントリー】【Reコンボ】：あなたのメンバーが３枚以上いるなら、このキャラを＋２/±０。","https://rebirth-fy.com/wordpress/wp-content/images/cardlist/RSBP/rs001b-076.png","https://rebirth-fy.com/wordpress/wp-content/images/cardlist/RSBP/rs001b-076.png"
"https://rebirth-fy.com/cardlist/?cardno=RS/001B-076S","RS/001B-076S","水の神 ミチル","4","C+","キャラ","舞台少女・シークフェルト音楽学院","4","8","水の流れのように、
時に急激に、時に穏やかに……","【永】【エントリー】【Reコンボ】：あなたのメンバーが３枚以上いるなら、このキャラを＋２/±０。","https://rebirth-fy.com/wordpress/wp-content/images/cardlist/RSBP/rs001b-076s.png","https://rebirth-fy.com/wordpress/wp-content/images/cardlist/RSBP/rs001b-076s.png"
"https://rebirth-fy.com/cardlist/?cardno=RS/001B-077","RS/001B-077","呂布 メイファン","4","RR","キャラ","舞台少女・シークフェルト音楽学院","5","4","私の演武、お見せしましょう！","【永】【エントリー】【本領発揮Lv４】：あなたの、メンバーかリタイアに《晶》がいるなら、このキャラを＋３/±０。","https://rebirth-fy.com/wordpress/wp-content/images/cardlist/RSBP/rs001b-077.png","https://rebirth-fy.com/wordpress/wp-content/images/cardlist/RSBP/rs001b-077.png"
"https://rebirth-fy.com/cardlist/?cardno=RS/001B-077SP","RS/001B-077SP","呂布 メイファン","4","SP","キャラ","舞台少女・シークフェルト音楽学院","5","4","","【永】【エントリー】【本領発揮Lv４】：あなたの、メンバーかリタイアに《晶》がいるなら、このキャラを＋３/±０。","https://rebirth-fy.com/wordpress/wp-content/images/cardlist/RSBP/rs001b-077sp.png","https://rebirth-fy.com/wordpress/wp-content/images/cardlist/RSBP/rs001b-077sp.png"
"https://rebirth-fy.com/cardlist/?cardno=RS/001B-078","RS/001B-078","カンフースター メイファン","2","R","キャラ","舞台少女・シークフェルト音楽学院","3","5","クンフーアクションの醍醐味を
味わってくださいね！","【スパーク】：あなたのリタイア２枚につき、このターン中、このキャラを＋１/＋１。","https://rebirth-fy.com/wordpress/wp-content/images/cardlist/RSBP/rs001b-078.png","https://rebirth-fy.com/wordpress/wp-content/images/cardlist/RSBP/rs001b-078.png"
"https://rebirth-fy.com/cardlist/?cardno=RS/001B-078S","RS/001B-078S","カンフースター メイファン","2","R+","キャラ","舞台少女・シークフェルト音楽学院","3","5","クンフーアクションの醍醐味を
味わってくださいね！","【スパーク】：あなたのリタイア２枚につき、このターン中、このキャラを＋１/＋１。","https://rebirth-fy.com/wordpress/wp-content/images/cardlist/RSBP/rs001b-078s.png","https://rebirth-fy.com/wordpress/wp-content/images/cardlist/RSBP/rs001b-078s.png"
"https://rebirth-fy.com/cardlist/?cardno=RS/001B-079","RS/001B-079","リュウ・メイファン","3","R","キャラ","舞台少女・シークフェルト音楽学院","4","5","晶さんにだって
負けるつもりはありません！","【永】【エントリー】【本領発揮Lv４】：あなたの、メンバーかリタイアに《晶》がいるなら、このキャラを±０/＋２。【自】【エントリー】【本領発揮Lv４】【ターン１】：このキャラがアタックした時、このアタック中、このキャラを＋２/±０。","https://rebirth-fy.com/wordpress/wp-content/images/cardlist/RSBP/rs001b-079.png","https://rebirth-fy.com/wordpress/wp-content/images/cardlist/RSBP/rs001b-079.png"
"https://rebirth-fy.com/cardlist/?cardno=RS/001B-079S","RS/001B-079S","リュウ・メイファン","3","R+","キャラ","舞台少女・シークフェルト音楽学院","4","5","晶さんにだって
負けるつもりはありません！","【永】【エントリー】【本領発揮Lv４】：あなたの、メンバーかリタイアに《晶》がいるなら、このキャラを±０/＋２。【自】【エントリー】【本領発揮Lv４】【ターン１】：このキャラがアタックした時、このアタック中、このキャラを＋２/±０。","https://rebirth-fy.com/wordpress/wp-content/images/cardlist/RSBP/rs001b-079s.png","https://rebirth-fy.com/wordpress/wp-content/images/cardlist/RSBP/rs001b-079s.png"
"https://rebirth-fy.com/cardlist/?cardno=RS/001B-080","RS/001B-080","火の神 メイファン","1","C","キャラ","舞台少女・シークフェルト音楽学院","2","3","火の女神だといっても
ファイヤーダンスは踊りませんよ","【キャンセル】：Reバース以外の【スパーク】（手札から控え室に置くと、Reバース以外の【スパーク】を１つ止める）","https://rebirth-fy.com/wordpress/wp-content/images/cardlist/RSBP/rs001b-080.png","https://rebirth-fy.com/wordpress/wp-content/images/cardlist/RSBP/rs001b-080.png"
"https://rebirth-fy.com/cardlist/?cardno=RS/001B-080S","RS/001B-080S","火の神 メイファン","1","C+","キャラ","舞台少女・シークフェルト音楽学院","2","3","火の女神だといっても
ファイヤーダンスは踊りませんよ","【キャンセル】：Reバース以外の【スパーク】（手札から控え室に置くと、Reバース以外の【スパーク】を１つ止める）","https://rebirth-fy.com/wordpress/wp-content/images/cardlist/RSBP/rs001b-080s.png","https://rebirth-fy.com/wordpress/wp-content/images/cardlist/RSBP/rs001b-080s.png"
"https://rebirth-fy.com/cardlist/?cardno=RS/001B-081","RS/001B-081","ベル 栞","2","RR","キャラ","舞台少女・シークフェルト音楽学院","3","6","雪代先輩の相手役……
がんばります！","【起】【メンバー】【Reコンボ】《美女と麗しの野獣》【本領発揮Lv４】【ターン１】：［手札から１枚控え室に置く］ あなたの手札が４枚以下なら、あなたは１枚引き、自分のエントリーから〔シークフェルト音楽学院〕を１枚選び、手札に戻す。（コストを払った後に手札を数える）","https://rebirth-fy.com/wordpress/wp-content/images/cardlist/RSBP/rs001b-081.png","https://rebirth-fy.com/wordpress/wp-content/images/cardlist/RSBP/rs001b-081.png"
"https://rebirth-fy.com/cardlist/?cardno=RS/001B-081SP","RS/001B-081SP","ベル 栞","2","SP","キャラ","舞台少女・シークフェルト音楽学院","3","6","","【起】【メンバー】【Reコンボ】《美女と麗しの野獣》【本領発揮Lv４】【ターン１】：［手札から１枚控え室に置く］ あなたの手札が４枚以下なら、あなたは１枚引き、自分のエントリーから〔シークフェルト音楽学院〕を１枚選び、手札に戻す。（コストを払った後に手札を数える）","https://rebirth-fy.com/wordpress/wp-content/images/cardlist/RSBP/rs001b-081sp.png","https://rebirth-fy.com/wordpress/wp-content/images/cardlist/RSBP/rs001b-081sp.png"
"https://rebirth-fy.com/cardlist/?cardno=RS/001B-082","RS/001B-082","親指姫 栞","5","R","キャラ","舞台少女・シークフェルト音楽学院","5","6","花の蕾が開き生まれたのは、
小さな女の子でした","【スパーク】：あなたは味方のメンバーからすべて選び、このターン中、それらは相手から選ばれない。","https://rebirth-fy.com/wordpress/wp-content/images/cardlist/RSBP/rs001b-082.png","https://rebirth-fy.com/wordpress/wp-content/images/cardlist/RSBP/rs001b-082.png"
"https://rebirth-fy.com/cardlist/?cardno=RS/001B-082S","RS/001B-082S","親指姫 栞","5","R+","キャラ","舞台少女・シークフェルト音楽学院","5","6","花の蕾が開き生まれたのは、
小さな女の子でした","【スパーク】：あなたは味方のメンバーからすべて選び、このターン中、それらは相手から選ばれない。","https://rebirth-fy.com/wordpress/wp-content/images/cardlist/RSBP/rs001b-082s.png","https://rebirth-fy.com/wordpress/wp-content/images/cardlist/RSBP/rs001b-082s.png"
"https://rebirth-fy.com/cardlist/?cardno=RS/001B-083","RS/001B-083","夢大路 栞","4","C","キャラ","舞台少女・シークフェルト音楽学院","5","7","毎日舞台の練習ができる
とても嬉しいです","【自】【エントリー】：あなたの《文》がメンバーから控え室に置かれた時、あなたはこのキャラをエントリーから空席のメンバーに置く。","https://rebirth-fy.com/wordpress/wp-content/images/cardlist/RSBP/rs001b-083.png","https://rebirth-fy.com/wordpress/wp-content/images/cardlist/RSBP/rs001b-083.png"
"https://rebirth-fy.com/cardlist/?cardno=RS/001B-083S","RS/001B-083S","夢大路 栞","4","C+","キャラ","舞台少女・シークフェルト音楽学院","5","7","毎日舞台の練習ができる
とても嬉しいです","【自】【エントリー】：あなたの《文》がメンバーから控え室に置かれた時、あなたはこのキャラをエントリーから空席のメンバーに置く。","https://rebirth-fy.com/wordpress/wp-content/images/cardlist/RSBP/rs001b-083s.png","https://rebirth-fy.com/wordpress/wp-content/images/cardlist/RSBP/rs001b-083s.png"
"https://rebirth-fy.com/cardlist/?cardno=RS/001B-084","RS/001B-084","風の神 栞","1","C","キャラ","舞台少女・シークフェルト音楽学院","3","2","風の女神は、動物と
心を通わせることができるんです","【スパーク】【本領発揮Lv３】：あなたは自分の、パートナーかエネルギーから１枚選び、【スタンド】する。","https://rebirth-fy.com/wordpress/wp-content/images/cardlist/RSBP/rs001b-084.png","https://rebirth-fy.com/wordpress/wp-content/images/cardlist/RSBP/rs001b-084.png"
"https://rebirth-fy.com/cardlist/?cardno=RS/001B-084S","RS/001B-084S","風の神 栞","1","C+","キャラ","舞台少女・シークフェルト音楽学院","3","2","風の女神は、動物と
心を通わせることができるんです","【スパーク】【本領発揮Lv３】：あなたは自分の、パートナーかエネルギーから１枚選び、【スタンド】する。","https://rebirth-fy.com/wordpress/wp-content/images/cardlist/RSBP/rs001b-084s.png","https://rebirth-fy.com/wordpress/wp-content/images/cardlist/RSBP/rs001b-084s.png"
"https://rebirth-fy.com/cardlist/?cardno=RS/001B-085","RS/001B-085","アルセーヌ・ルパン やちよ","3","RR","キャラ","舞台少女・シークフェルト音楽学院","4","5","今宵、あなたのキラめきを
いただきます……な～んて♪","【スパーク】【本領発揮Lv３】：あなたは自分のメンバーから〔シークフェルト音楽学院〕を１枚選び、控え室に置くことで、相手のメンバーから１枚選び、控え室に置く。","https://rebirth-fy.com/wordpress/wp-content/images/cardlist/RSBP/rs001b-085.png","https://rebirth-fy.com/wordpress/wp-content/images/cardlist/RSBP/rs001b-085.png"
"https://rebirth-fy.com/cardlist/?cardno=RS/001B-085SP","RS/001B-085SP","アルセーヌ・ルパン やちよ","3","SP","キャラ","舞台少女・シークフェルト音楽学院","4","5","","【スパーク】【本領発揮Lv３】：あなたは自分のメンバーから〔シークフェルト音楽学院〕を１枚選び、控え室に置くことで、相手のメンバーから１枚選び、控え室に置く。","https://rebirth-fy.com/wordpress/wp-content/images/cardlist/RSBP/rs001b-085sp.png","https://rebirth-fy.com/wordpress/wp-content/images/cardlist/RSBP/rs001b-085sp.png"
"https://rebirth-fy.com/cardlist/?cardno=RS/001B-086","RS/001B-086","大地の神 やちよ","2","R","キャラ","舞台少女・シークフェルト音楽学院","2","5","あたしの役は
笑顔を失くしてしまった傷ついた女神","【自】【メンバー】：このキャラがサポートした時、あなたはこのキャラをデッキの下に置くことで、１枚引く。","https://rebirth-fy.com/wordpress/wp-content/images/cardlist/RSBP/rs001b-086.png","https://rebirth-fy.com/wordpress/wp-content/images/cardlist/RSBP/rs001b-086.png"
"https://rebirth-fy.com/cardlist/?cardno=RS/001B-086S","RS/001B-086S","大地の神 やちよ","2","R+","キャラ","舞台少女・シークフェルト音楽学院","2","5","あたしの役は
笑顔を失くしてしまった傷ついた女神","【自】【メンバー】：このキャラがサポートした時、あなたはこのキャラをデッキの下に置くことで、１枚引く。","https://rebirth-fy.com/wordpress/wp-content/images/cardlist/RSBP/rs001b-086s.png","https://rebirth-fy.com/wordpress/wp-content/images/cardlist/RSBP/rs001b-086s.png"
"https://rebirth-fy.com/cardlist/?cardno=RS/001B-087","RS/001B-087","鶴姫 やちよ","1","C","キャラ","舞台少女・シークフェルト音楽学院","2","4","夢？ 世界平和と
みんなの幸せですかね～♪","【スパーク】：このターン中、このキャラを±０/＋４。","https://rebirth-fy.com/wordpress/wp-content/images/cardlist/RSBP/rs001b-087.png","https://rebirth-fy.com/wordpress/wp-content/images/cardlist/RSBP/rs001b-087.png"
"https://rebirth-fy.com/cardlist/?cardno=RS/001B-087S","RS/001B-087S","鶴姫 やちよ","1","C+","キャラ","舞台少女・シークフェルト音楽学院","2","4","夢？ 世界平和と
みんなの幸せですかね～♪","【スパーク】：このターン中、このキャラを±０/＋４。","https://rebirth-fy.com/wordpress/wp-content/images/cardlist/RSBP/rs001b-087s.png","https://rebirth-fy.com/wordpress/wp-content/images/cardlist/RSBP/rs001b-087s.png"
"https://rebirth-fy.com/cardlist/?cardno=RS/001B-088","RS/001B-088","貂蝉 やちよ","1","C","キャラ","舞台少女・シークフェルト音楽学院","2","3","結構似てると思うんですよね
私と貂蝉って","【自】【メンバー】【本領発揮Lv４】：このキャラがサポートした時、このアタック中、サポートされたキャラを＋１/±０。","https://rebirth-fy.com/wordpress/wp-content/images/cardlist/RSBP/rs001b-088.png","https://rebirth-fy.com/wordpress/wp-content/images/cardlist/RSBP/rs001b-088.png"
"https://rebirth-fy.com/cardlist/?cardno=RS/001B-088S","RS/001B-088S","貂蝉 やちよ","1","C+","キャラ","舞台少女・シークフェルト音楽学院","2","3","結構似てると思うんですよね
私と貂蝉って","【自】【メンバー】【本領発揮Lv４】：このキャラがサポートした時、このアタック中、サポートされたキャラを＋１/±０。","https://rebirth-fy.com/wordpress/wp-content/images/cardlist/RSBP/rs001b-088s.png","https://rebirth-fy.com/wordpress/wp-content/images/cardlist/RSBP/rs001b-088s.png"
"https://rebirth-fy.com/cardlist/?cardno=RS/001B-089","RS/001B-089","大道具室のアーサー王！？","","ReR","Reバース","","","","「見ろ、華恋！剣が光ってるぞ！」","【スパーク】：あなたは１点回復する。【永】：各ターン１回目のアタック中、あなたのエントリーを＋１/±０。","https://rebirth-fy.com/wordpress/wp-content/images/cardlist/RSBP/rs001b-089.png","https://rebirth-fy.com/wordpress/wp-content/images/cardlist/RSBP/rs001b-089.png"
"https://rebirth-fy.com/cardlist/?cardno=RS/001B-089SR%EF%BC%8B","RS/001B-089SR＋","大道具室のアーサー王！？","","ReR+","Reバース","","","","「見ろ、華恋！剣が光ってるぞ！」","【スパーク】：あなたは１点回復する。【永】：各ターン１回目のアタック中、あなたのエントリーを＋１/±０。","https://rebirth-fy.com/wordpress/wp-content/images/cardlist/RSBP/rs001b-089sr.png","https://rebirth-fy.com/wordpress/wp-content/images/cardlist/RSBP/rs001b-089sr.png"
"https://rebirth-fy.com/cardlist/?cardno=RS/001B-090","RS/001B-090","一人は皆のために","","ReR","Reバース","","","","「三銃士、カッコいいよね！」","【スパーク】：あなたは２枚引く。【永】：各ターン１回目のアタック中、あなたのエントリーを＋３/±０。","https://rebirth-fy.com/wordpress/wp-content/images/cardlist/RSBP/rs001b-090.png","https://rebirth-fy.com/wordpress/wp-content/images/cardlist/RSBP/rs001b-090.png"
"https://rebirth-fy.com/cardlist/?cardno=RS/001B-090SR%EF%BC%8B","RS/001B-090SR＋","一人は皆のために","","ReR+","Reバース","","","","「三銃士、カッコいいよね！」","【スパーク】：あなたは２枚引く。【永】：各ターン１回目のアタック中、あなたのエントリーを＋３/±０。","https://rebirth-fy.com/wordpress/wp-content/images/cardlist/RSBP/rs001b-090sr.png","https://rebirth-fy.com/wordpress/wp-content/images/cardlist/RSBP/rs001b-090sr.png"
"https://rebirth-fy.com/cardlist/?cardno=RS/001B-091","RS/001B-091","友情と悲しみの騎士二人","","ReR","Reバース","","","","「なんで……！？なんで最後手ぇ抜いたんや！」","【スパーク】：あなたは相手の、エントリーとメンバーから、あなたのリタイアと同じ枚数選び、控え室に置く。（選べる限り選ぶ）【永】：あなたのエントリーを＋１/＋１。","https://rebirth-fy.com/wordpress/wp-content/images/cardlist/RSBP/rs001b-091.png","https://rebirth-fy.com/wordpress/wp-content/images/cardlist/RSBP/rs001b-091.png"
"https://rebirth-fy.com/cardlist/?cardno=RS/001B-091SR%EF%BC%8B","RS/001B-091SR＋","友情と悲しみの騎士二人","","ReR+","Reバース","","","","「なんで……！？なんで最後手ぇ抜いたんや！」","【スパーク】：あなたは相手の、エントリーとメンバーから、あなたのリタイアと同じ枚数選び、控え室に置く。（選べる限り選ぶ）【永】：あなたのエントリーを＋１/＋１。","https://rebirth-fy.com/wordpress/wp-content/images/cardlist/RSBP/rs001b-091sr.png","https://rebirth-fy.com/wordpress/wp-content/images/cardlist/RSBP/rs001b-091sr.png"
"https://rebirth-fy.com/cardlist/?cardno=RS/001B-092","RS/001B-092","ファントムとクリスティーヌ","","ReR","Reバース","","","","孤独。オペラ座の地下に棲む怪人にななは共感を持っていた","【スパーク】：あなたは自分の控え室からキャラの【スパーク】を１つまで選ぶ。このReバースをセットすることで、このカードの【スパーク】として発動させる。【起】【ターン１】：［エントリーから１枚控え室に置く］ このターン中、次にあなたのエントリーに置かれるキャラを＋１/±０。","https://rebirth-fy.com/wordpress/wp-content/images/cardlist/RSBP/rs001b-092.png","https://rebirth-fy.com/wordpress/wp-content/images/cardlist/RSBP/rs001b-092.png"
"https://rebirth-fy.com/cardlist/?cardno=RS/001B-092SR%EF%BC%8B","RS/001B-092SR＋","ファントムとクリスティーヌ","","ReR+","Reバース","","","","孤独。オペラ座の地下に棲む怪人にななは共感を持っていた","【スパーク】：あなたは自分の控え室からキャラの【スパーク】を１つまで選ぶ。このReバースをセットすることで、このカードの【スパーク】として発動させる。【起】【ターン１】：［エントリーから１枚控え室に置く］ このターン中、次にあなたのエントリーに置かれるキャラを＋１/±０。","https://rebirth-fy.com/wordpress/wp-content/images/cardlist/RSBP/rs001b-092sr.png","https://rebirth-fy.com/wordpress/wp-content/images/cardlist/RSBP/rs001b-092sr.png"
"https://rebirth-fy.com/cardlist/?cardno=RS/001B-093","RS/001B-093","月夜のデュエット","","ReC","Reバース","","","","「では、この『アラジンと魔法のランプ』は、私たちだけのもの」
「――ということね」","【スパーク】：あなたは味方のメンバーから２枚まで選び、控え室に置く。【自】：このReバースがセットされた時、あなたのリタイアが３枚以上なら、あなたは相手の、エントリーかメンバーから１枚選び、控え室に置く。","https://rebirth-fy.com/wordpress/wp-content/images/cardlist/RSBP/rs001b-093.png","https://rebirth-fy.com/wordpress/wp-content/images/cardlist/RSBP/rs001b-093.png"
"https://rebirth-fy.com/cardlist/?cardno=RS/001B-093SR%EF%BC%8B","RS/001B-093SR＋","月夜のデュエット","","ReC+","Reバース","","","","「では、この『アラジンと魔法のランプ』は、私たちだけのもの」
「――ということね」","【スパーク】：あなたは味方のメンバーから２枚まで選び、控え室に置く。【自】：このReバースがセットされた時、あなたのリタイアが３枚以上なら、あなたは相手の、エントリーかメンバーから１枚選び、控え室に置く。","https://rebirth-fy.com/wordpress/wp-content/images/cardlist/RSBP/rs001b-093sr.png","https://rebirth-fy.com/wordpress/wp-content/images/cardlist/RSBP/rs001b-093sr.png"
"https://rebirth-fy.com/cardlist/?cardno=RS/001B-094","RS/001B-094","トリック・オア・トリート","","ReC","Reバース","","","","","【スパーク】：あなたは自分のデッキの上から２枚エネルギーに【レスト】で置く。【永】：各ターン１回目のアタック中、あなたのエントリーを＋３/±０。","https://rebirth-fy.com/wordpress/wp-content/images/cardlist/RSBP/rs001b-094.png","https://rebirth-fy.com/wordpress/wp-content/images/cardlist/RSBP/rs001b-094.png"
"https://rebirth-fy.com/cardlist/?cardno=RS/001B-094SR%EF%BC%8B","RS/001B-094SR＋","トリック・オア・トリート","","ReC+","Reバース","","","","","【スパーク】：あなたは自分のデッキの上から２枚エネルギーに【レスト】で置く。【永】：各ターン１回目のアタック中、あなたのエントリーを＋３/±０。","https://rebirth-fy.com/wordpress/wp-content/images/cardlist/RSBP/rs001b-094sr.png","https://rebirth-fy.com/wordpress/wp-content/images/cardlist/RSBP/rs001b-094sr.png"
"https://rebirth-fy.com/cardlist/?cardno=RS/001B-095","RS/001B-095","「浦島太郎」公演のお知らせ","","ReC","Reバース","","","","心優しき青年が亀に連れられやってきたのは
美しき姫が住まう竜宮城――","【永】：あなたのエントリーを＋２/＋３。","https://rebirth-fy.com/wordpress/wp-content/images/cardlist/RSBP/rs001b-095.png","https://rebirth-fy.com/wordpress/wp-content/images/cardlist/RSBP/rs001b-095.png"
"https://rebirth-fy.com/cardlist/?cardno=RS/001B-095SR%EF%BC%8B","RS/001B-095SR＋","「浦島太郎」公演のお知らせ","","ReC+","Reバース","","","","心優しき青年が亀に連れられやってきたのは
美しき姫が住まう竜宮城――","【永】：あなたのエントリーを＋２/＋３。","https://rebirth-fy.com/wordpress/wp-content/images/cardlist/RSBP/rs001b-095sr.png","https://rebirth-fy.com/wordpress/wp-content/images/cardlist/RSBP/rs001b-095sr.png"
"https://rebirth-fy.com/cardlist/?cardno=RS/001B-096","RS/001B-096","帝都の平和を守るもの達","","ReC","Reバース","","","","「帝都の怪異は私が全て斬り伏せます！」","【スパーク】：あなたは自分のデッキの上から２枚エネルギーに【レスト】で置く。【永】：各ターン１回目のアタック中、あなたのエントリーを＋３/±０。","https://rebirth-fy.com/wordpress/wp-content/images/cardlist/RSBP/rs001b-096.png","https://rebirth-fy.com/wordpress/wp-content/images/cardlist/RSBP/rs001b-096.png"
"https://rebirth-fy.com/cardlist/?cardno=RS/001B-096SR%EF%BC%8B","RS/001B-096SR＋","帝都の平和を守るもの達","","ReC+","Reバース","","","","「帝都の怪異は私が全て斬り伏せます！」","【スパーク】：あなたは自分のデッキの上から２枚エネルギーに【レスト】で置く。【永】：各ターン１回目のアタック中、あなたのエントリーを＋３/±０。","https://rebirth-fy.com/wordpress/wp-content/images/cardlist/RSBP/rs001b-096sr.png","https://rebirth-fy.com/wordpress/wp-content/images/cardlist/RSBP/rs001b-096sr.png"
"https://rebirth-fy.com/cardlist/?cardno=RS/001B-097","RS/001B-097","私色に染まった卵","","ReC","Reバース","","","","「見てみて！　可愛いでしょ～！」","【スパーク】：あなたは相手の、エントリーとメンバーから、あなたのリタイアと同じ枚数選び、控え室に置く。（選べる限り選ぶ）【永】：あなたのエントリーを＋１/＋１。","https://rebirth-fy.com/wordpress/wp-content/images/cardlist/RSBP/rs001b-097.png","https://rebirth-fy.com/wordpress/wp-content/images/cardlist/RSBP/rs001b-097.png"
"https://rebirth-fy.com/cardlist/?cardno=RS/001B-097SR%EF%BC%8B","RS/001B-097SR＋","私色に染まった卵","","ReC+","Reバース","","","","「見てみて！　可愛いでしょ～！」","【スパーク】：あなたは相手の、エントリーとメンバーから、あなたのリタイアと同じ枚数選び、控え室に置く。（選べる限り選ぶ）【永】：あなたのエントリーを＋１/＋１。","https://rebirth-fy.com/wordpress/wp-content/images/cardlist/RSBP/rs001b-097sr.png","https://rebirth-fy.com/wordpress/wp-content/images/cardlist/RSBP/rs001b-097sr.png"
"https://rebirth-fy.com/cardlist/?cardno=RS/001B-098","RS/001B-098","新シンデレラは正義の味方！","","ReC","Reバース","","","","「人々を苦しめる魔王は許さないからね！」","【スパーク】：あなたは自分の控え室からキャラの【スパーク】を１つまで選ぶ。このReバースをセットすることで、このカードの【スパーク】として発動させる。【起】【ターン１】：［エントリーから１枚控え室に置く］ このターン中、次にあなたのエントリーに置かれるキャラを＋１/±０。","https://rebirth-fy.com/wordpress/wp-content/images/cardlist/RSBP/rs001b-098.png","https://rebirth-fy.com/wordpress/wp-content/images/cardlist/RSBP/rs001b-098.png"
"https://rebirth-fy.com/cardlist/?cardno=RS/001B-098SR%EF%BC%8B","RS/001B-098SR＋","新シンデレラは正義の味方！","","ReC+","Reバース","","","","「人々を苦しめる魔王は許さないからね！」","【スパーク】：あなたは自分の控え室からキャラの【スパーク】を１つまで選ぶ。このReバースをセットすることで、このカードの【スパーク】として発動させる。【起】【ターン１】：［エントリーから１枚控え室に置く］ このターン中、次にあなたのエントリーに置かれるキャラを＋１/±０。","https://rebirth-fy.com/wordpress/wp-content/images/cardlist/RSBP/rs001b-098sr.png","https://rebirth-fy.com/wordpress/wp-content/images/cardlist/RSBP/rs001b-098sr.png"
"https://rebirth-fy.com/cardlist/?cardno=RS/001B-099","RS/001B-099","乙女の髪結い","","ReC","Reバース","","","","「うんうん、なかなかいい感じ♪ 晶も見てみなよ」","【キャンセル】：【スパーク】or【キャンセル】（手札から控え室に置くと、【スパーク】か【キャンセル】を１つ止める）【永】：あなたのエントリーを＋１/＋１。","https://rebirth-fy.com/wordpress/wp-content/images/cardlist/RSBP/rs001b-099.png","https://rebirth-fy.com/wordpress/wp-content/images/cardlist/RSBP/rs001b-099.png"
"https://rebirth-fy.com/cardlist/?cardno=RS/001B-099SR%EF%BC%8B","RS/001B-099SR＋","乙女の髪結い","","ReC+","Reバース","","","","「うんうん、なかなかいい感じ♪ 晶も見てみなよ」","【キャンセル】：【スパーク】or【キャンセル】（手札から控え室に置くと、【スパーク】か【キャンセル】を１つ止める）【永】：あなたのエントリーを＋１/＋１。","https://rebirth-fy.com/wordpress/wp-content/images/cardlist/RSBP/rs001b-099sr.png","https://rebirth-fy.com/wordpress/wp-content/images/cardlist/RSBP/rs001b-099sr.png"
"https://rebirth-fy.com/cardlist/?cardno=RS/001B-100","RS/001B-100","美女と麗しの野獣","","ReC","Reバース","","","","「真実の愛とは……」","【スパーク】：あなたは１点回復する。【永】：各ターン１回目のアタック中、あなたのエントリーを＋１/±０。","https://rebirth-fy.com/wordpress/wp-content/images/cardlist/RSBP/rs001b-100.png","https://rebirth-fy.com/wordpress/wp-content/images/cardlist/RSBP/rs001b-100.png"
"https://rebirth-fy.com/cardlist/?cardno=RS/001B-100SR%EF%BC%8B","RS/001B-100SR＋","美女と麗しの野獣","","ReC+","Reバース","","","","「真実の愛とは……」","【スパーク】：あなたは１点回復する。【永】：各ターン１回目のアタック中、あなたのエントリーを＋１/±０。","https://rebirth-fy.com/wordpress/wp-content/images/cardlist/RSBP/rs001b-100sr.png","https://rebirth-fy.com/wordpress/wp-content/images/cardlist/RSBP/rs001b-100sr.png"
"https://rebirth-fy.com/cardlist/?cardno=RS/001B-P001","RS/001B-P001","愛城 華恋","","P","パートナー","","","","","","https://rebirth-fy.com/wordpress/wp-content/images/cardlist/RSBP/rs001b-p001.png","https://rebirth-fy.com/wordpress/wp-content/images/cardlist/RSBP/rs001b-p001.png"
"https://rebirth-fy.com/cardlist/?cardno=RS/001B-P001SP","RS/001B-P001SP","愛城 華恋","","SP","パートナー","","","","","","https://rebirth-fy.com/wordpress/wp-content/images/cardlist/RSBP/rs001b-p001sp.png","https://rebirth-fy.com/wordpress/wp-content/images/cardlist/RSBP/rs001b-p001sp.png"
"https://rebirth-fy.com/cardlist/?cardno=RS/001B-P002","RS/001B-P002","神楽 ひかり","","P","パートナー","","","","","","https://rebirth-fy.com/wordpress/wp-content/images/cardlist/RSBP/rs001b-p002.png","https://rebirth-fy.com/wordpress/wp-content/images/cardlist/RSBP/rs001b-p002.png"
"https://rebirth-fy.com/cardlist/?cardno=RS/001B-P002SP","RS/001B-P002SP","神楽 ひかり","","SP","パートナー","","","","","","https://rebirth-fy.com/wordpress/wp-content/images/cardlist/RSBP/rs001b-p002sp.png","https://rebirth-fy.com/wordpress/wp-content/images/cardlist/RSBP/rs001b-p002sp.png"
"https://rebirth-fy.com/cardlist/?cardno=RS/001B-P003","RS/001B-P003","天堂 真矢","","P","パートナー","","","","","","https://rebirth-fy.com/wordpress/wp-content/images/cardlist/RSBP/rs001b-p003.png","https://rebirth-fy.com/wordpress/wp-content/images/cardlist/RSBP/rs001b-p003.png"
"https://rebirth-fy.com/cardlist/?cardno=RS/001B-P003SP","RS/001B-P003SP","天堂 真矢","","SP","パートナー","","","","","","https://rebirth-fy.com/wordpress/wp-content/images/cardlist/RSBP/rs001b-p003sp.png","https://rebirth-fy.com/wordpress/wp-content/images/cardlist/RSBP/rs001b-p003sp.png"
"https://rebirth-fy.com/cardlist/?cardno=RS/001B-P004","RS/001B-P004","星見 純那","","P","パートナー","","","","","","https://rebirth-fy.com/wordpress/wp-content/images/cardlist/RSBP/rs001b-p004.png","https://rebirth-fy.com/wordpress/wp-content/images/cardlist/RSBP/rs001b-p004.png"
"https://rebirth-fy.com/cardlist/?cardno=RS/001B-P004SP","RS/001B-P004SP","星見 純那","","SP","パートナー","","","","","","https://rebirth-fy.com/wordpress/wp-content/images/cardlist/RSBP/rs001b-p004sp.png","https://rebirth-fy.com/wordpress/wp-content/images/cardlist/RSBP/rs001b-p004sp.png"
"https://rebirth-fy.com/cardlist/?cardno=RS/001B-P005","RS/001B-P005","露崎 まひる","","P","パートナー","","","","","","https://rebirth-fy.com/wordpress/wp-content/images/cardlist/RSBP/rs001b-p005.png","https://rebirth-fy.com/wordpress/wp-content/images/cardlist/RSBP/rs001b-p005.png"
"https://rebirth-fy.com/cardlist/?cardno=RS/001B-P005SP","RS/001B-P005SP","露崎 まひる","","SP","パートナー","","","","","","https://rebirth-fy.com/wordpress/wp-content/images/cardlist/RSBP/rs001b-p005sp.png","https://rebirth-fy.com/wordpress/wp-content/images/cardlist/RSBP/rs001b-p005sp.png"
"https://rebirth-fy.com/cardlist/?cardno=RS/001B-P006","RS/001B-P006","大場 なな","","P","パートナー","","","","","","https://rebirth-fy.com/wordpress/wp-content/images/cardlist/RSBP/rs001b-p006.png","https://rebirth-fy.com/wordpress/wp-content/images/cardlist/RSBP/rs001b-p006.png"
"https://rebirth-fy.com/cardlist/?cardno=RS/001B-P006SP","RS/001B-P006SP","大場 なな","","SP","パートナー","","","","","","https://rebirth-fy.com/wordpress/wp-content/images/cardlist/RSBP/rs001b-p006sp.png","https://rebirth-fy.com/wordpress/wp-content/images/cardlist/RSBP/rs001b-p006sp.png"
"https://rebirth-fy.com/cardlist/?cardno=RS/001B-P007","RS/001B-P007","西條 クロディーヌ","","P","パートナー","","","","","","https://rebirth-fy.com/wordpress/wp-content/images/cardlist/RSBP/rs001b-p007.png","https://rebirth-fy.com/wordpress/wp-content/images/cardlist/RSBP/rs001b-p007.png"
"https://rebirth-fy.com/cardlist/?cardno=RS/001B-P007SP","RS/001B-P007SP","西條 クロディーヌ","","SP","パートナー","","","","","","https://rebirth-fy.com/wordpress/wp-content/images/cardlist/RSBP/rs001b-p007sp.png","https://rebirth-fy.com/wordpress/wp-content/images/cardlist/RSBP/rs001b-p007sp.png"
"https://rebirth-fy.com/cardlist/?cardno=RS/001B-P008","RS/001B-P008","石動 双葉","","P","パートナー","","","","","","https://rebirth-fy.com/wordpress/wp-content/images/cardlist/RSBP/rs001b-p008.png","https://rebirth-fy.com/wordpress/wp-content/images/cardlist/RSBP/rs001b-p008.png"
"https://rebirth-fy.com/cardlist/?cardno=RS/001B-P008SP","RS/001B-P008SP","石動 双葉","","SP","パートナー","","","","","","https://rebirth-fy.com/wordpress/wp-content/images/cardlist/RSBP/rs001b-p008sp.png","https://rebirth-fy.com/wordpress/wp-content/images/cardlist/RSBP/rs001b-p008sp.png"
"https://rebirth-fy.com/cardlist/?cardno=RS/001B-P009","RS/001B-P009","花柳 香子","","P","パートナー","","","","","","https://rebirth-fy.com/wordpress/wp-content/images/cardlist/RSBP/rs001b-p009.png","https://rebirth-fy.com/wordpress/wp-content/images/cardlist/RSBP/rs001b-p009.png"
"https://rebirth-fy.com/cardlist/?cardno=RS/001B-P009SP","RS/001B-P009SP","花柳 香子","","SP","パートナー","","","","","","https://rebirth-fy.com/wordpress/wp-content/images/cardlist/RSBP/rs001b-p009sp.png","https://rebirth-fy.com/wordpress/wp-content/images/cardlist/RSBP/rs001b-p009sp.png"
"https://rebirth-fy.com/cardlist/?cardno=RS/001B-P010","RS/001B-P010","巴 珠緒","","P","パートナー","","","","","","https://rebirth-fy.com/wordpress/wp-content/images/cardlist/RSBP/rs001b-p010.png","https://rebirth-fy.com/wordpress/wp-content/images/cardlist/RSBP/rs001b-p010.png"
"https://rebirth-fy.com/cardlist/?cardno=RS/001B-P010SP","RS/001B-P010SP","巴 珠緒","","SP","パートナー","","","","","","https://rebirth-fy.com/wordpress/wp-content/images/cardlist/RSBP/rs001b-p010sp.png","https://rebirth-fy.com/wordpress/wp-content/images/cardlist/RSBP/rs001b-p010sp.png"
"https://rebirth-fy.com/cardlist/?cardno=RS/001B-P011","RS/001B-P011","音無 いちえ","","P","パートナー","","","","","","https://rebirth-fy.com/wordpress/wp-content/images/cardlist/RSBP/rs001b-p011.png","https://rebirth-fy.com/wordpress/wp-content/images/cardlist/RSBP/rs001b-p011.png"
"https://rebirth-fy.com/cardlist/?cardno=RS/001B-P011SP","RS/001B-P011SP","音無 いちえ","","SP","パートナー","","","","","","https://rebirth-fy.com/wordpress/wp-content/images/cardlist/RSBP/rs001b-p011sp.png","https://rebirth-fy.com/wordpress/wp-content/images/cardlist/RSBP/rs001b-p011sp.png"
"https://rebirth-fy.com/cardlist/?cardno=RS/001B-P012","RS/001B-P012","夢大路 文","","P","パートナー","","","","","","https://rebirth-fy.com/wordpress/wp-content/images/cardlist/RSBP/rs001b-p012.png","https://rebirth-fy.com/wordpress/wp-content/images/cardlist/RSBP/rs001b-p012.png"
"https://rebirth-fy.com/cardlist/?cardno=RS/001B-P012SP","RS/001B-P012SP","夢大路 文","","SP","パートナー","","","","","","https://rebirth-fy.com/wordpress/wp-content/images/cardlist/RSBP/rs001b-p012sp.png","https://rebirth-fy.com/wordpress/wp-content/images/cardlist/RSBP/rs001b-p012sp.png"
"https://rebirth-fy.com/cardlist/?cardno=RS/001B-P013","RS/001B-P013","秋風 塁","","P","パートナー","","","","","","https://rebirth-fy.com/wordpress/wp-content/images/cardlist/RSBP/rs001b-p013.png","https://rebirth-fy.com/wordpress/wp-content/images/cardlist/RSBP/rs001b-p013.png"
"https://rebirth-fy.com/cardlist/?cardno=RS/001B-P013SP","RS/001B-P013SP","秋風 塁","","SP","パートナー","","","","","","https://rebirth-fy.com/wordpress/wp-content/images/cardlist/RSBP/rs001b-p013sp.png","https://rebirth-fy.com/wordpress/wp-content/images/cardlist/RSBP/rs001b-p013sp.png"
"https://rebirth-fy.com/cardlist/?cardno=RS/001B-P014","RS/001B-P014","田中 ゆゆ子","","P","パートナー","","","","","","https://rebirth-fy.com/wordpress/wp-content/images/cardlist/RSBP/rs001b-p014.png","https://rebirth-fy.com/wordpress/wp-content/images/cardlist/RSBP/rs001b-p014.png"
"https://rebirth-fy.com/cardlist/?cardno=RS/001B-P014SP","RS/001B-P014SP","田中 ゆゆ子","","SP","パートナー","","","","","","https://rebirth-fy.com/wordpress/wp-content/images/cardlist/RSBP/rs001b-p014sp.png","https://rebirth-fy.com/wordpress/wp-content/images/cardlist/RSBP/rs001b-p014sp.png"
"https://rebirth-fy.com/cardlist/?cardno=RS/001B-P015","RS/001B-P015","大月 あるる","","P","パートナー","","","","","","https://rebirth-fy.com/wordpress/wp-content/images/cardlist/RSBP/rs001b-p015.png","https://rebirth-fy.com/wordpress/wp-content/images/cardlist/RSBP/rs001b-p015.png"
"https://rebirth-fy.com/cardlist/?cardno=RS/001B-P015SP","RS/001B-P015SP","大月 あるる","","SP","パートナー","","","","","","https://rebirth-fy.com/wordpress/wp-content/images/cardlist/RSBP/rs001b-p015sp.png","https://rebirth-fy.com/wordpress/wp-content/images/cardlist/RSBP/rs001b-p015sp.png"
"https://rebirth-fy.com/cardlist/?cardno=RS/001B-P016","RS/001B-P016","叶 美空","","P","パートナー","","","","","","https://rebirth-fy.com/wordpress/wp-content/images/cardlist/RSBP/rs001b-p016.png","https://rebirth-fy.com/wordpress/wp-content/images/cardlist/RSBP/rs001b-p016.png"
"https://rebirth-fy.com/cardlist/?cardno=RS/001B-P016SP","RS/001B-P016SP","叶 美空","","SP","パートナー","","","","","","https://rebirth-fy.com/wordpress/wp-content/images/cardlist/RSBP/rs001b-p016sp.png","https://rebirth-fy.com/wordpress/wp-content/images/cardlist/RSBP/rs001b-p016sp.png"
"https://rebirth-fy.com/cardlist/?cardno=RS/001B-P017","RS/001B-P017","野々宮 ララフィン","","P","パートナー","","","","","","https://rebirth-fy.com/wordpress/wp-content/images/cardlist/RSBP/rs001b-p017.png","https://rebirth-fy.com/wordpress/wp-content/images/cardlist/RSBP/rs001b-p017.png"
"https://rebirth-fy.com/cardlist/?cardno=RS/001B-P017SP","RS/001B-P017SP","野々宮 ララフィン","","SP","パートナー","","","","","","https://rebirth-fy.com/wordpress/wp-content/images/cardlist/RSBP/rs001b-p017sp.png","https://rebirth-fy.com/wordpress/wp-content/images/cardlist/RSBP/rs001b-p017sp.png"
"https://rebirth-fy.com/cardlist/?cardno=RS/001B-P018","RS/001B-P018","恵比寿 つかさ","","P","パートナー","","","","","","https://rebirth-fy.com/wordpress/wp-content/images/cardlist/RSBP/rs001b-p018.png","https://rebirth-fy.com/wordpress/wp-content/images/cardlist/RSBP/rs001b-p018.png"
"https://rebirth-fy.com/cardlist/?cardno=RS/001B-P018SP","RS/001B-P018SP","恵比寿 つかさ","","SP","パートナー","","","","","","https://rebirth-fy.com/wordpress/wp-content/images/cardlist/RSBP/rs001b-p018sp.png","https://rebirth-fy.com/wordpress/wp-content/images/cardlist/RSBP/rs001b-p018sp.png"
"https://rebirth-fy.com/cardlist/?cardno=RS/001B-P019","RS/001B-P019","胡蝶 静羽","","P","パートナー","","","","","","https://rebirth-fy.com/wordpress/wp-content/images/cardlist/RSBP/rs001b-p019.png","https://rebirth-fy.com/wordpress/wp-content/images/cardlist/RSBP/rs001b-p019.png"
"https://rebirth-fy.com/cardlist/?cardno=RS/001B-P019SP","RS/001B-P019SP","胡蝶 静羽","","SP","パートナー","","","","","","https://rebirth-fy.com/wordpress/wp-content/images/cardlist/RSBP/rs001b-p019sp.png","https://rebirth-fy.com/wordpress/wp-content/images/cardlist/RSBP/rs001b-p019sp.png"
"https://rebirth-fy.com/cardlist/?cardno=RS/001B-P020","RS/001B-P020","雪代 晶","","P","パートナー","","","","","","https://rebirth-fy.com/wordpress/wp-content/images/cardlist/RSBP/rs001b-p020.png","https://rebirth-fy.com/wordpress/wp-content/images/cardlist/RSBP/rs001b-p020.png"
"https://rebirth-fy.com/cardlist/?cardno=RS/001B-P020SP","RS/001B-P020SP","雪代 晶","","SP","パートナー","","","","","","https://rebirth-fy.com/wordpress/wp-content/images/cardlist/RSBP/rs001b-p020sp.png","https://rebirth-fy.com/wordpress/wp-content/images/cardlist/RSBP/rs001b-p020sp.png"
"https://rebirth-fy.com/cardlist/?cardno=RS/001B-P021","RS/001B-P021","鳳 ミチル","","P","パートナー","","","","","","https://rebirth-fy.com/wordpress/wp-content/images/cardlist/RSBP/rs001b-p021.png","https://rebirth-fy.com/wordpress/wp-content/images/cardlist/RSBP/rs001b-p021.png"
"https://rebirth-fy.com/cardlist/?cardno=RS/001B-P021SP","RS/001B-P021SP","鳳 ミチル","","SP","パートナー","","","","","","https://rebirth-fy.com/wordpress/wp-content/images/cardlist/RSBP/rs001b-p021sp.png","https://rebirth-fy.com/wordpress/wp-content/images/cardlist/RSBP/rs001b-p021sp.png"
"https://rebirth-fy.com/cardlist/?cardno=RS/001B-P022","RS/001B-P022","リュウ・メイファン","","P","パートナー","","","","","","https://rebirth-fy.com/wordpress/wp-content/images/cardlist/RSBP/rs001b-p022.png","https://rebirth-fy.com/wordpress/wp-content/images/cardlist/RSBP/rs001b-p022.png"
"https://rebirth-fy.com/cardlist/?cardno=RS/001B-P022SP","RS/001B-P022SP","リュウ・メイファン","","SP","パートナー","","","","","","https://rebirth-fy.com/wordpress/wp-content/images/cardlist/RSBP/rs001b-p022sp.png","https://rebirth-fy.com/wordpress/wp-content/images/cardlist/RSBP/rs001b-p022sp.png"
"https://rebirth-fy.com/cardlist/?cardno=RS/001B-P023","RS/001B-P023","夢大路 栞","","P","パートナー","","","","","","https://rebirth-fy.com/wordpress/wp-content/images/cardlist/RSBP/rs001b-p023.png","https://rebirth-fy.com/wordpress/wp-content/images/cardlist/RSBP/rs001b-p023.png"
"https://rebirth-fy.com/cardlist/?cardno=RS/001B-P023SP","RS/001B-P023SP","夢大路 栞","","SP","パートナー","","","","","","https://rebirth-fy.com/wordpress/wp-content/images/cardlist/RSBP/rs001b-p023sp.png","https://rebirth-fy.com/wordpress/wp-content/images/cardlist/RSBP/rs001b-p023sp.png"
"https://rebirth-fy.com/cardlist/?cardno=RS/001B-P024","RS/001B-P024","鶴姫 やちよ","","P","パートナー","","","","","","https://rebirth-fy.com/wordpress/wp-content/images/cardlist/RSBP/rs001b-p024.png","https://rebirth-fy.com/wordpress/wp-content/images/cardlist/RSBP/rs001b-p024.png"
"https://rebirth-fy.com/cardlist/?cardno=RS/001B-P024SP","RS/001B-P024SP","鶴姫 やちよ","","SP","パートナー","","","","","","https://rebirth-fy.com/wordpress/wp-content/images/cardlist/RSBP/rs001b-p024sp.png","https://rebirth-fy.com/wordpress/wp-content/images/cardlist/RSBP/rs001b-p024sp.png"